"","ID_10m","PA_Low_A","PA_Low_B"
"1",2020-03-04 00:10:00,0.146,0.112
"2",2020-03-04 00:20:00,0.32,0.244
"3",2020-03-04 00:30:00,0.18,0.072
"4",2020-03-04 00:40:00,0.128,0.084
"5",2020-03-04 00:50:00,0.212,0.196
"6",2020-03-04 01:00:00,0.186,0.204
"7",2020-03-04 01:10:00,0.18,0.206
"8",2020-03-04 01:20:00,0.118,0.1
"9",2020-03-04 01:30:00,0.1,0.194
"10",2020-03-04 01:40:00,0.008,0.02
"11",2020-03-04 01:50:00,0.1,0.042
"12",2020-03-04 02:00:00,0.136,0.098
"13",2020-03-04 02:10:00,0.186,0.082
"14",2020-03-04 02:20:00,0.342,0.206
"15",2020-03-04 02:30:00,1.582,0.252
"16",2020-03-04 02:40:00,0.656,0.194
"17",2020-03-04 02:50:00,0.514,0.21
"18",2020-03-04 03:00:00,0.556,0.136
"19",2020-03-04 03:10:00,0.17,0.074
"20",2020-03-04 03:20:00,0.176,0.06
"21",2020-03-04 03:30:00,0.186,0.042
"22",2020-03-04 03:40:00,0.216,0.162
"23",2020-03-04 03:50:00,0.778,0.566
"24",2020-03-04 04:00:00,1.096,0.938
"25",2020-03-04 04:10:00,0.876,0.27
"26",2020-03-04 04:20:00,0.996,0.344
"27",2020-03-04 04:30:00,1.524,0.55
"28",2020-03-04 04:40:00,1.686,0.688
"29",2020-03-04 04:50:00,1.702,0.9
"30",2020-03-04 05:00:00,2.318,1.886
"31",2020-03-04 05:10:00,2.164,1.29
"32",2020-03-04 05:20:00,2.11,1.75
"33",2020-03-04 05:30:00,2.412,1.362
"34",2020-03-04 05:40:00,2.284,1.702
"35",2020-03-04 05:50:00,1.688,1.242
"36",2020-03-04 06:00:00,1.626,0.992
"37",2020-03-04 06:10:00,1.06,0.782
"38",2020-03-04 06:20:00,0.864,0.606
"39",2020-03-04 06:30:00,0.844,0.502
"40",2020-03-04 06:40:00,0.83,0.48
"41",2020-03-04 06:50:00,0.678,0.448
"42",2020-03-04 07:00:00,0.508,0.346
"43",2020-03-04 07:10:00,0.712,0.472
"44",2020-03-04 07:20:00,0.164,0.032
"45",2020-03-04 07:30:00,0.058,0.062
"46",2020-03-04 07:40:00,0.236,0.17
"47",2020-03-04 07:50:00,0.46,0.344
"48",2020-03-04 08:00:00,0.798,0.728
"49",2020-03-04 08:10:00,1.216,1.208
"50",2020-03-04 08:20:00,1.12,0.67
"51",2020-03-04 08:30:00,0.844,1.212
"52",2020-03-04 08:40:00,1.272,1.23
"53",2020-03-04 08:50:00,1.548,1.494
"54",2020-03-04 09:00:00,1.992,1.584
"55",2020-03-04 09:10:00,2.25,1.98
"56",2020-03-04 09:20:00,1.958,2.434
"57",2020-03-04 09:30:00,2.298,2.928
"58",2020-03-04 09:40:00,2.496,3.604
"59",2020-03-04 09:50:00,3.004,3.2
"60",2020-03-04 10:00:00,2.356,3.164
"61",2020-03-04 10:10:00,3.984,4.124
"62",2020-03-04 10:20:00,3.396,4.572
"63",2020-03-04 10:30:00,2.332,2.36
"64",2020-03-04 10:40:00,3.268,3.518
"65",2020-03-04 10:50:00,3.412,4.12
"66",2020-03-04 11:00:00,3.04,3.274
"67",2020-03-04 11:10:00,1.878,2.264
"68",2020-03-04 11:20:00,2.122,2.222
"69",2020-03-04 11:30:00,3.004,2.596
"70",2020-03-04 11:40:00,1.584,1.854
"71",2020-03-04 11:50:00,1.318,1.554
"72",2020-03-04 12:00:00,1.51,1.746
"73",2020-03-04 12:10:00,1.588,1.422
"74",2020-03-04 12:20:00,1.35,1.468
"75",2020-03-04 12:30:00,1.298,1.326
"76",2020-03-04 12:40:00,0.98,1.178
"77",2020-03-04 12:50:00,0.974,0.942
"78",2020-03-04 13:00:00,0.294,0.352
"79",2020-03-04 13:10:00,0.318,0.244
"80",2020-03-04 13:20:00,0.028,0.098
"81",2020-03-04 13:30:00,0.068,0.11
"82",2020-03-04 13:40:00,0.038,1.33
"83",2020-03-04 13:50:00,0.024,0.078
"84",2020-03-04 14:00:00,0.044,0
"85",2020-03-04 14:10:00,2.032,0.01
"86",2020-03-04 14:20:00,0.56,0.032
"87",2020-03-04 14:30:00,0.006,0.016
"88",2020-03-04 14:40:00,0,0.02
"89",2020-03-04 14:50:00,0.056,0.072
"90",2020-03-04 15:00:00,0.274,0.268
"91",2020-03-04 15:10:00,0.866,7.476
"92",2020-03-04 15:20:00,0.372,20.204
"93",2020-03-04 15:30:00,1.078,27.35
"94",2020-03-04 15:40:00,0.82,53.14
"95",2020-03-04 15:50:00,2.688,11.962
"96",2020-03-04 16:00:00,0.946,1.138
"97",2020-03-04 16:10:00,0.55,0.59
"98",2020-03-04 16:20:00,0.508,0.59
"99",2020-03-04 16:30:00,1.458,1.782
"100",2020-03-04 16:40:00,2.38,2.512
"101",2020-03-04 16:50:00,1.006,1.268
"102",2020-03-04 17:00:00,1.204,1.228
"103",2020-03-04 17:10:00,1.262,1.184
"104",2020-03-04 17:20:00,1.406,1.546
"105",2020-03-04 17:30:00,3.286,3.846
"106",2020-03-04 17:40:00,3.44,3.76
"107",2020-03-04 17:50:00,0.18,0.46
"108",2020-03-04 18:00:00,0.648,2.312
"109",2020-03-04 18:10:00,0.36,0.674
"110",2020-03-04 18:20:00,0.284,0.568
"111",2020-03-04 18:30:00,0.69,0.576
"112",2020-03-04 18:40:00,0.432,0.648
"113",2020-03-04 18:50:00,0.416,0.608
"114",2020-03-04 19:00:00,0.582,0.578
"115",2020-03-04 19:10:00,0.572,0.724
"116",2020-03-04 19:20:00,0.344,0.416
"117",2020-03-04 19:30:00,0.26,3.522
"118",2020-03-04 19:40:00,0.638,15.946
"119",2020-03-04 19:50:00,0.41,17.028
"120",2020-03-04 20:00:00,0.606,22.882
"121",2020-03-04 20:10:00,0.538,48.244
"122",2020-03-04 20:20:00,0.744,16.082
"123",2020-03-04 20:30:00,0.662,0.748
"124",2020-03-04 20:40:00,0.732,0.646
"125",2020-03-04 20:50:00,0.654,0.68
"126",2020-03-04 21:00:00,0.362,0.384
"127",2020-03-04 21:10:00,0.374,0.688
"128",2020-03-04 21:20:00,0.236,0.584
"129",2020-03-04 21:30:00,0.152,0.668
"130",2020-03-04 21:40:00,0.268,2.466
"131",2020-03-04 21:50:00,0.26,5.92
"132",2020-03-04 22:00:00,0.19,6.256
"133",2020-03-04 22:10:00,0.066,11.518
"134",2020-03-04 22:20:00,0.27,12.242
"135",2020-03-04 22:30:00,0.294,10.334
"136",2020-03-04 22:40:00,0.2,10.24
"137",2020-03-04 22:50:00,0.4275,21.77
"138",2020-03-04 23:00:00,0.358,23.84
"139",2020-03-04 23:10:00,0.416,20.542
"140",2020-03-04 23:20:00,0.172,16.774
"141",2020-03-04 23:30:00,0.124,25.004
"142",2020-03-04 23:40:00,0.216,14.758
"143",2020-03-04 23:50:00,0.196,2.724
"144",2020-03-05 00:00:00,0.198,0.892
"145",2020-03-05 00:10:00,0.27,0.656
"146",2020-03-05 00:20:00,0.09,0.988
"147",2020-03-05 00:30:00,0.052,12.432
"148",2020-03-05 00:40:00,0.162,34.128
"149",2020-03-05 00:50:00,0.166,34.494
"150",2020-03-05 01:00:00,0.08,26.716
"151",2020-03-05 01:10:00,0.124,16.852
"152",2020-03-05 01:20:00,0.052,3.47
"153",2020-03-05 01:30:00,0.08,0.11
"154",2020-03-05 01:40:00,0.04,0.064
"155",2020-03-05 01:50:00,0.052,0.032
"156",2020-03-05 02:00:00,0.064,0.01
"157",2020-03-05 02:10:00,0.192,0.116
"158",2020-03-05 02:20:00,0.118,0.056
"159",2020-03-05 02:30:00,0.074,1.392
"160",2020-03-05 02:40:00,0.236,23.264
"161",2020-03-05 02:50:00,0.114,17.832
"162",2020-03-05 03:00:00,0.134,9.234
"163",2020-03-05 03:10:00,0.124,11.99
"164",2020-03-05 03:20:00,0.07,15.138
"165",2020-03-05 03:30:00,0.128,17.194
"166",2020-03-05 03:40:00,0.018,20.346
"167",2020-03-05 03:50:00,0.058,27.336
"168",2020-03-05 04:00:00,0.122,36.762
"169",2020-03-05 04:10:00,0.216,43.75
"170",2020-03-05 04:20:00,0.062,48
"171",2020-03-05 04:30:00,0.202,48.664
"172",2020-03-05 04:40:00,0.204,49.822
"173",2020-03-05 04:50:00,0.214,48.03
"174",2020-03-05 05:00:00,0.21,47.614
"175",2020-03-05 05:10:00,0.326,45.696
"176",2020-03-05 05:20:00,0.236,42.134
"177",2020-03-05 05:30:00,0.65,26.848
"178",2020-03-05 05:40:00,0.46,10.558
"179",2020-03-05 05:50:00,0.618,3.402
"180",2020-03-05 06:00:00,0.574,0.898
"181",2020-03-05 06:10:00,0.638,0.738
"182",2020-03-05 06:20:00,0.614,0.662
"183",2020-03-05 06:30:00,0.632,0.724
"184",2020-03-05 06:40:00,0.638,0.902
"185",2020-03-05 06:50:00,0.846,0.854
"186",2020-03-05 07:00:00,0.926,0.868
"187",2020-03-05 07:10:00,0.98,0.976
"188",2020-03-05 07:20:00,1.254,1.278
"189",2020-03-05 07:30:00,1.142,1.124
"190",2020-03-05 07:40:00,1.1,1.056
"191",2020-03-05 07:50:00,1.128,1.12
"192",2020-03-05 08:00:00,1.388,1.08
"193",2020-03-05 08:10:00,1.246,1.398
"194",2020-03-05 08:20:00,1.016,1.4
"195",2020-03-05 08:30:00,1.23,1.49
"196",2020-03-05 08:40:00,1.19,1.326
"197",2020-03-05 08:50:00,1.112,1.142
"198",2020-03-05 09:00:00,1.298,1.244
"199",2020-03-05 09:10:00,1.182,1.384
"200",2020-03-05 09:20:00,1.318,1.034
"201",2020-03-05 09:30:00,1.316,1.192
"202",2020-03-05 09:40:00,1.112,1.062
"203",2020-03-05 09:50:00,1.128,1.242
"204",2020-03-05 10:00:00,1.182,1.14
"205",2020-03-05 10:10:00,1.166,1.194
"206",2020-03-05 10:20:00,1.18,1.282
"207",2020-03-05 10:30:00,0.97,1.194
"208",2020-03-05 10:40:00,0.79,1.032
"209",2020-03-05 10:50:00,1.01,1.162
"210",2020-03-05 11:00:00,1.05,0.982
"211",2020-03-05 11:10:00,1.098,1.092
"212",2020-03-05 11:20:00,1.04,0.932
"213",2020-03-05 11:30:00,1.058,1.002
"214",2020-03-05 11:40:00,1.184,1.118
"215",2020-03-05 11:50:00,1.122,1.064
"216",2020-03-05 12:00:00,1.104,0.958
"217",2020-03-05 12:10:00,1.03,1.028
"218",2020-03-05 12:20:00,1.016,1.076
"219",2020-03-05 12:30:00,0.866,1.01
"220",2020-03-05 12:40:00,0.882,0.998
"221",2020-03-05 12:50:00,0.936,0.948
"222",2020-03-05 13:00:00,1.03,0.884
"223",2020-03-05 13:10:00,1.05,0.952
"224",2020-03-05 13:20:00,0.974,1.134
"225",2020-03-05 13:30:00,0.898,6.164
"226",2020-03-05 13:40:00,0.824,18.802
"227",2020-03-05 13:50:00,0.828,3.74
"228",2020-03-05 14:00:00,0.788,1.124
"229",2020-03-05 14:10:00,0.706,1.308
"230",2020-03-05 14:20:00,0.724,1.22
"231",2020-03-05 14:30:00,0.616,1.144
"232",2020-03-05 14:40:00,0.704,0.864
"233",2020-03-05 14:50:00,0.98,1.1
"234",2020-03-05 15:00:00,1.176,1.018
"235",2020-03-05 15:10:00,0.928,0.968
"236",2020-03-05 15:20:00,0.742,0.982
"237",2020-03-05 15:30:00,0.844,1.076
"238",2020-03-05 15:40:00,0.82,1.218
"239",2020-03-05 15:50:00,0.888,1.018
"240",2020-03-05 16:00:00,0.688,1.138
"241",2020-03-05 16:10:00,1.05,0.94
"242",2020-03-05 16:20:00,1.026,1.07
"243",2020-03-05 16:30:00,1.14,1.962
"244",2020-03-05 16:40:00,1.16,1.706
"245",2020-03-05 16:50:00,1.198,2.744
"246",2020-03-05 17:00:00,1.448,2.622
"247",2020-03-05 17:10:00,1.738,3.148
"248",2020-03-05 17:20:00,1.826,3.35
"249",2020-03-05 17:30:00,1.536,3.02
"250",2020-03-05 17:40:00,1.386,2.598
"251",2020-03-05 17:50:00,1.658,2.506
"252",2020-03-05 18:00:00,1.732,2.404
"253",2020-03-05 18:10:00,2.028,2.9
"254",2020-03-05 18:20:00,1.492,2.978
"255",2020-03-05 18:30:00,1.712,4.334
"256",2020-03-05 18:40:00,1.4,4.112
"257",2020-03-05 18:50:00,1.444,2.916
"258",2020-03-05 19:00:00,1.484,2.15
"259",2020-03-05 19:10:00,1.116,1.712
"260",2020-03-05 19:20:00,1.264,1.232
"261",2020-03-05 19:30:00,1.562,1.566
"262",2020-03-05 19:40:00,1.562,2.02
"263",2020-03-05 19:50:00,1.486,1.792
"264",2020-03-05 20:00:00,1.462,1.84
"265",2020-03-05 20:10:00,1.418,1.676
"266",2020-03-05 20:20:00,1.128,1.526
"267",2020-03-05 20:30:00,1.44,1.744
"268",2020-03-05 20:40:00,1.366,2.128
"269",2020-03-05 20:50:00,1.31,2.404
"270",2020-03-05 21:00:00,1.386,2.826
"271",2020-03-05 21:10:00,1.196,4.56
"272",2020-03-05 21:20:00,1.31,6.128
"273",2020-03-05 21:30:00,1.314,5.926
"274",2020-03-05 21:40:00,1.188,2.632
"275",2020-03-05 21:50:00,0.946,1.542
"276",2020-03-05 22:00:00,1.03,1.45
"277",2020-03-05 22:10:00,0.85,1.652
"278",2020-03-05 22:20:00,1.024,1.336
"279",2020-03-05 22:30:00,0.754,1.704
"280",2020-03-05 22:40:00,0.76,2.152
"281",2020-03-05 22:50:00,0.726,1.892
"282",2020-03-05 23:00:00,0.73,1.368
"283",2020-03-05 23:10:00,0.576,1.976
"284",2020-03-05 23:20:00,0.428,1.652
"285",2020-03-05 23:30:00,0.296,0.99
"286",2020-03-05 23:40:00,0.264,1.098
"287",2020-03-05 23:50:00,0.32,0.784
"288",2020-03-06 00:00:00,0.146,0.778
"289",2020-03-06 00:10:00,0.178,0.43
"290",2020-03-06 00:20:00,0.052,0.286
"291",2020-03-06 00:30:00,0.056,0.208
"292",2020-03-06 00:40:00,0.018,0.11
"293",2020-03-06 00:50:00,0.032,0.264
"294",2020-03-06 01:00:00,0.018,0.408
"295",2020-03-06 01:10:00,0.006,0.18
"296",2020-03-06 01:20:00,0,0.082
"297",2020-03-06 01:30:00,0,0.23
"298",2020-03-06 01:40:00,0,0.166
"299",2020-03-06 01:50:00,0.036,0.142
"300",2020-03-06 02:00:00,0,0.168
"301",2020-03-06 02:10:00,0.004,0.222
"302",2020-03-06 02:20:00,0.086,0.166
"303",2020-03-06 02:30:00,0.004,0.056
"304",2020-03-06 02:40:00,0.07,0.382
"305",2020-03-06 02:50:00,0,1.436
"306",2020-03-06 03:00:00,0.018,1.334
"307",2020-03-06 03:10:00,0.022,0.708
"308",2020-03-06 03:20:00,0.006,0.568
"309",2020-03-06 03:30:00,0.014,0.18
"310",2020-03-06 03:40:00,0.022,0.076
"311",2020-03-06 03:50:00,0.026,0.096
"312",2020-03-06 04:00:00,0.052,0.066
"313",2020-03-06 04:10:00,0.05,0.038
"314",2020-03-06 04:20:00,0.024,0.076
"315",2020-03-06 04:30:00,0,0.042
"316",2020-03-06 04:40:00,0.09,0.004
"317",2020-03-06 04:50:00,0.022,0.06
"318",2020-03-06 05:00:00,0.03,0.014
"319",2020-03-06 05:10:00,0.022,0
"320",2020-03-06 05:20:00,0.05,0.024
"321",2020-03-06 05:30:00,0.068,0.034
"322",2020-03-06 05:40:00,0.014,0.066
"323",2020-03-06 05:50:00,0.012,0.086
"324",2020-03-06 06:00:00,0.032,0
"325",2020-03-06 06:10:00,0.04,0.076
"326",2020-03-06 06:20:00,0.084,0.164
"327",2020-03-06 06:30:00,0.13,0.082
"328",2020-03-06 06:40:00,0.088,0.1
"329",2020-03-06 06:50:00,0.054,0.164
"330",2020-03-06 07:00:00,0.196,0.194
"331",2020-03-06 07:10:00,0.132,0.284
"332",2020-03-06 07:20:00,0.222,0.478
"333",2020-03-06 07:30:00,0.16,1.008
"334",2020-03-06 07:40:00,0.076,1.274
"335",2020-03-06 07:50:00,0.13,1.772
"336",2020-03-06 08:00:00,0.056,2.306
"337",2020-03-06 08:10:00,0.24,4.748
"338",2020-03-06 08:20:00,0.11,6.144
"339",2020-03-06 08:30:00,0.1,9.122
"340",2020-03-06 08:40:00,0.092,10.786
"341",2020-03-06 08:50:00,0.166,13.126
"342",2020-03-06 09:00:00,0.068,14.308
"343",2020-03-06 09:10:00,0.096,14.484
"344",2020-03-06 09:20:00,0.044,14.59
"345",2020-03-06 09:30:00,0.048,13.704
"346",2020-03-06 09:40:00,0.152,11.856
"347",2020-03-06 09:50:00,0,9.816
"348",2020-03-06 10:00:00,0.016,5.612
"349",2020-03-06 10:10:00,0.036,3.248
"350",2020-03-06 10:20:00,0.018,1.828
"351",2020-03-06 10:30:00,0.062,0.676
"352",2020-03-06 10:40:00,0,0.262
"353",2020-03-06 10:50:00,0.064,0.018
"354",2020-03-06 11:00:00,0.004,0.062
"355",2020-03-06 11:10:00,0,0.024
"356",2020-03-06 11:20:00,0,0.036
"357",2020-03-06 11:30:00,0,0.01
"358",2020-03-06 11:40:00,0,0
"359",2020-03-06 11:50:00,0.022,0
"360",2020-03-06 12:00:00,0,0
"361",2020-03-06 12:10:00,0.018,0.038
"362",2020-03-06 12:20:00,0,0
"363",2020-03-06 12:30:00,0,0
"364",2020-03-06 12:40:00,0.036,0
"365",2020-03-06 12:50:00,0,0.036
"366",2020-03-06 13:00:00,0,0.048
"367",2020-03-06 13:10:00,0,1.91
"368",2020-03-06 13:20:00,0,1.906
"369",2020-03-06 13:30:00,0,0.03
"370",2020-03-06 13:40:00,0,0
"371",2020-03-06 13:50:00,0,0.018
"372",2020-03-06 14:00:00,0,41.678
"373",2020-03-06 14:10:00,0,70.89
"374",2020-03-06 14:20:00,0,53.018
"375",2020-03-06 14:30:00,0,57.184
"376",2020-03-06 14:40:00,0,60.63
"377",2020-03-06 14:50:00,0,36.592
"378",2020-03-06 15:00:00,0,20.654
"379",2020-03-06 15:10:00,0,21.64
"380",2020-03-06 15:20:00,0,29.292
"381",2020-03-06 15:30:00,0,36.318
"382",2020-03-06 15:40:00,0,40.194
"383",2020-03-06 15:50:00,0,37.728
"384",2020-03-06 16:00:00,0,39.726
"385",2020-03-06 16:10:00,0,43.916
"386",2020-03-06 16:20:00,0,36.832
"387",2020-03-06 16:30:00,0,36.948
"388",2020-03-06 16:40:00,0,29.838
"389",2020-03-06 16:50:00,0,22.132
"390",2020-03-06 17:00:00,0,23.896
"391",2020-03-06 17:10:00,0,17.338
"392",2020-03-06 17:20:00,0,15.1
"393",2020-03-06 17:30:00,0.034,11.678
"394",2020-03-06 17:40:00,0,6.424
"395",2020-03-06 17:50:00,0,5.32
"396",2020-03-06 18:00:00,0.004,5.518
"397",2020-03-06 18:10:00,0,4.24
"398",2020-03-06 18:20:00,0,2.608
"399",2020-03-06 18:30:00,0,1.992
"400",2020-03-06 18:40:00,0.042,1.23
"401",2020-03-06 18:50:00,0.056,0.884
"402",2020-03-06 19:00:00,0.092,0.338
"403",2020-03-06 19:10:00,0.044,0.132
"404",2020-03-06 19:20:00,0.1,0.138
"405",2020-03-06 19:30:00,0.034,0.232
"406",2020-03-06 19:40:00,0.22,0.26
"407",2020-03-06 19:50:00,0.404,0.522
"408",2020-03-06 20:00:00,0.326,0.47
"409",2020-03-06 20:10:00,0.346,0.424
"410",2020-03-06 20:20:00,0.446,0.508
"411",2020-03-06 20:30:00,0.232,0.384
"412",2020-03-06 20:40:00,0.438,0.284
"413",2020-03-06 20:50:00,0.152,0.274
"414",2020-03-06 21:00:00,0.18,0.212
"415",2020-03-06 21:10:00,0.152,0.298
"416",2020-03-06 21:20:00,0.114,0.25
"417",2020-03-06 21:30:00,0.064,0.196
"418",2020-03-06 21:40:00,0.122,0.086
"419",2020-03-06 21:50:00,0.054,0.092
"420",2020-03-06 22:00:00,0.054,0.022
"421",2020-03-06 22:10:00,0.024,0.064
"422",2020-03-06 22:20:00,0.068,0.094
"423",2020-03-06 22:30:00,0.09,0.056
"424",2020-03-06 22:40:00,0.022,0.018
"425",2020-03-06 22:50:00,0.2,0.232
"426",2020-03-06 23:00:00,0.108,0.19
"427",2020-03-06 23:10:00,0.224,0.2
"428",2020-03-06 23:20:00,0.038,0.04
"429",2020-03-06 23:30:00,0.036,0.122
"430",2020-03-06 23:40:00,0.04,0.07
"431",2020-03-06 23:50:00,0.028,0.024
"432",2020-03-07 00:00:00,0.016,0
"433",2020-03-07 00:10:00,0.008,0
"434",2020-03-07 00:20:00,0.02,0.03
"435",2020-03-07 00:30:00,0.006,0
"436",2020-03-07 00:40:00,0,0
"437",2020-03-07 00:50:00,0,0
"438",2020-03-07 01:00:00,0,0
"439",2020-03-07 01:10:00,0.036,0.056
"440",2020-03-07 01:20:00,0.018,0.042
"441",2020-03-07 01:30:00,0.032,0.046
"442",2020-03-07 01:40:00,0,0
"443",2020-03-07 01:50:00,0.022,0.014
"444",2020-03-07 02:00:00,0,0.098
"445",2020-03-07 02:10:00,0.014,0.078
"446",2020-03-07 02:20:00,0.198,0.086
"447",2020-03-07 02:30:00,0.02,0.136
"448",2020-03-07 02:40:00,0.014,0.228
"449",2020-03-07 02:50:00,0,1.61
"450",2020-03-07 03:00:00,0,4.852
"451",2020-03-07 03:10:00,0.01,7.156
"452",2020-03-07 03:20:00,0.052,8.394
"453",2020-03-07 03:30:00,0,9.53
"454",2020-03-07 03:40:00,0.056,10.95
"455",2020-03-07 03:50:00,0.06,14.85
"456",2020-03-07 04:00:00,0.042,20.086
"457",2020-03-07 04:10:00,0.078,20.136
"458",2020-03-07 04:20:00,0.088,27.732
"459",2020-03-07 04:30:00,0.154,29.532
"460",2020-03-07 04:40:00,0.138,30.422
"461",2020-03-07 04:50:00,0.234,36.48
"462",2020-03-07 05:00:00,0.266,31.848
"463",2020-03-07 05:10:00,0.354,39.972
"464",2020-03-07 05:20:00,0.424,42.326
"465",2020-03-07 05:30:00,0.53,43.318
"466",2020-03-07 05:40:00,0.572,44.224
"467",2020-03-07 05:50:00,0.656,45.112
"468",2020-03-07 06:00:00,0.764,53.208
"469",2020-03-07 06:10:00,0.77,51.632
"470",2020-03-07 06:20:00,1.002,52.188
"471",2020-03-07 06:30:00,0.79,49.866
"472",2020-03-07 06:40:00,1.058,47.6
"473",2020-03-07 06:50:00,1.142,44.998
"474",2020-03-07 07:00:00,1.044,43.308
"475",2020-03-07 07:10:00,1.126,39.078
"476",2020-03-07 07:20:00,1.254,41.884
"477",2020-03-07 07:30:00,1.03,32.296
"478",2020-03-07 07:40:00,1.5,26.872
"479",2020-03-07 07:50:00,1.558,26.996
"480",2020-03-07 08:00:00,1.786,22.794
"481",2020-03-07 08:10:00,1.578,17.118
"482",2020-03-07 08:20:00,1.674,16.824
"483",2020-03-07 08:30:00,1.838,13.558
"484",2020-03-07 08:40:00,1.624,11.46
"485",2020-03-07 08:50:00,1.858,10.41
"486",2020-03-07 09:00:00,2.074,10.78
"487",2020-03-07 09:10:00,2.338,11.106
"488",2020-03-07 09:20:00,2.57,12.544
"489",2020-03-07 09:30:00,2.244,14.094
"490",2020-03-07 09:40:00,2.536,14.79
"491",2020-03-07 09:50:00,2.486,16.214
"492",2020-03-07 10:00:00,2.526,17.562
"493",2020-03-07 10:10:00,2.456,19.346
"494",2020-03-07 10:20:00,2.386,20.234
"495",2020-03-07 10:30:00,2.542,23.132
"496",2020-03-07 10:40:00,2.674,23.622
"497",2020-03-07 10:50:00,2.384,26.236
"498",2020-03-07 11:00:00,2.444,30.676
"499",2020-03-07 11:10:00,2.576,32.716
"500",2020-03-07 11:20:00,2.342,36.926
"501",2020-03-07 11:30:00,2.286,42.314
"502",2020-03-07 11:40:00,2.35,47.246
"503",2020-03-07 11:50:00,2.216,33.982
"504",2020-03-07 12:00:00,2.444,31.928
"505",2020-03-07 12:10:00,2.372,50.3
"506",2020-03-07 12:20:00,2.52,56.358
"507",2020-03-07 12:30:00,2.338,42.838
"508",2020-03-07 12:40:00,2.506,51.606
"509",2020-03-07 12:50:00,2.298,43.688
"510",2020-03-07 13:00:00,2.408,31.3
"511",2020-03-07 13:10:00,2.676,33.706
"512",2020-03-07 13:20:00,2.168,27.77
"513",2020-03-07 13:30:00,2.084,65.87
"514",2020-03-07 13:40:00,2.238,71.646
"515",2020-03-07 13:50:00,2.272,77.394
"516",2020-03-07 14:00:00,2.102,58.084
"517",2020-03-07 14:10:00,1.92,20.746
"518",2020-03-07 14:20:00,2.202,4.02
"519",2020-03-07 14:30:00,2.196,1.92
"520",2020-03-07 14:40:00,2.004,1.762
"521",2020-03-07 14:50:00,2.034,2.006
"522",2020-03-07 15:00:00,2.204,1.898
"523",2020-03-07 15:10:00,1.93,1.672
"524",2020-03-07 15:20:00,2.434,1.954
"525",2020-03-07 15:30:00,2.56,1.838
"526",2020-03-07 15:40:00,2.138,1.976
"527",2020-03-07 15:50:00,2.618,1.952
"528",2020-03-07 16:00:00,2.216,2.23
"529",2020-03-07 16:10:00,2.338,2.014
"530",2020-03-07 16:20:00,2.362,1.934
"531",2020-03-07 16:30:00,2.478,2.416
"532",2020-03-07 16:40:00,2.446,1.854
"533",2020-03-07 16:50:00,2.412,2.14
"534",2020-03-07 17:00:00,2.536,2.442
"535",2020-03-07 17:10:00,2.084,2.172
"536",2020-03-07 17:20:00,2.238,2.294
"537",2020-03-07 17:30:00,2.448,2.31
"538",2020-03-07 17:40:00,2.608,2.078
"539",2020-03-07 17:50:00,2.324,2.168
"540",2020-03-07 18:00:00,1.944,2.074
"541",2020-03-07 18:10:00,2.144,1.836
"542",2020-03-07 18:20:00,2.312,1.982
"543",2020-03-07 18:30:00,1.726,1.816
"544",2020-03-07 18:40:00,1.624,1.912
"545",2020-03-07 18:50:00,1.464,1.554
"546",2020-03-07 19:00:00,1.894,1.402
"547",2020-03-07 19:10:00,1.7,1.536
"548",2020-03-07 19:20:00,2.046,1.568
"549",2020-03-07 19:30:00,1.424,1.768
"550",2020-03-07 19:40:00,1.368,1.61
"551",2020-03-07 19:50:00,1.294,1.354
"552",2020-03-07 20:00:00,1.264,1.33
"553",2020-03-07 20:10:00,1.378,1.198
"554",2020-03-07 20:20:00,1.37,1.35
"555",2020-03-07 20:30:00,1.334,1.01
"556",2020-03-07 20:40:00,1.198,1.022
"557",2020-03-07 20:50:00,1.162,0.92
"558",2020-03-07 21:00:00,0.712,1.026
"559",2020-03-07 21:10:00,0.78,0.84
"560",2020-03-07 21:20:00,0.704,1.012
"561",2020-03-07 21:30:00,0.934,4.642
"562",2020-03-07 21:40:00,0.528,7.174
"563",2020-03-07 21:50:00,0.688,8.696
"564",2020-03-07 22:00:00,0.686,14.338
"565",2020-03-07 22:10:00,0.726,16.46
"566",2020-03-07 22:20:00,0.66,20.98
"567",2020-03-07 22:30:00,0.62,47.484
"568",2020-03-07 22:40:00,0.702,78.104
"569",2020-03-07 22:50:00,0.562,40.558
"570",2020-03-07 23:00:00,0.448,23.782
"571",2020-03-07 23:10:00,0.304,17.396
"572",2020-03-07 23:20:00,0.468,13.676
"573",2020-03-07 23:30:00,0.422,12.34
"574",2020-03-07 23:40:00,0.406,13.352
"575",2020-03-07 23:50:00,0.278,15.928
"576",2020-03-08 00:00:00,0.268,18.24
"577",2020-03-08 00:10:00,0.3,20.768
"578",2020-03-08 00:20:00,0.288,18.104
"579",2020-03-08 00:30:00,0.278,12.35
"580",2020-03-08 00:40:00,0.144,30.294
"581",2020-03-08 00:50:00,0.178,32.376
"582",2020-03-08 01:00:00,0.274,25.356
"583",2020-03-08 01:10:00,0.088,22.112
"584",2020-03-08 01:20:00,0.24,20
"585",2020-03-08 01:30:00,0.078,19.134
"586",2020-03-08 01:40:00,0.116,20.47
"587",2020-03-08 01:50:00,0.072,25.076
"588",2020-03-08 02:00:00,0.168,22.596
"589",2020-03-08 02:10:00,0.128,10.902
"590",2020-03-08 02:20:00,0.098,11.44
"591",2020-03-08 02:30:00,0.068,15.074
"592",2020-03-08 02:40:00,0.05,22.878
"593",2020-03-08 02:50:00,0.076,34.464
"594",2020-03-08 03:00:00,0.136,40.088
"595",2020-03-08 03:10:00,0.14,41.042
"596",2020-03-08 03:20:00,0.166,41.89
"597",2020-03-08 03:30:00,0.156,35.372
"598",2020-03-08 03:40:00,0.016,18.938
"599",2020-03-08 03:50:00,0.102,6.128
"600",2020-03-08 04:00:00,0.076,0.468
"601",2020-03-08 04:10:00,0.074,0.042
"602",2020-03-08 04:20:00,0.366,0.136
"603",2020-03-08 04:30:00,0.12,0.184
"604",2020-03-08 04:40:00,0.18,0.108
"605",2020-03-08 04:50:00,0.21,0.256
"606",2020-03-08 05:00:00,0.272,0.33
"607",2020-03-08 05:10:00,0.262,0.362
"608",2020-03-08 05:20:00,0.246,0.222
"609",2020-03-08 05:30:00,0.218,0.326
"610",2020-03-08 05:40:00,0.248,0.272
"611",2020-03-08 05:50:00,0.432,0.41
"612",2020-03-08 06:00:00,0.452,0.398
"613",2020-03-08 06:10:00,0.45,0.444
"614",2020-03-08 06:20:00,0.492,0.444
"615",2020-03-08 06:30:00,0.416,0.406
"616",2020-03-08 06:40:00,0.538,0.436
"617",2020-03-08 06:50:00,0.646,0.446
"618",2020-03-08 07:00:00,0.626,0.67
"619",2020-03-08 07:10:00,0.702,0.552
"620",2020-03-08 07:20:00,0.64,0.538
"621",2020-03-08 07:30:00,0.62,0.74
"622",2020-03-08 07:40:00,0.644,0.88
"623",2020-03-08 07:50:00,0.428,0.566
"624",2020-03-08 08:00:00,0.814,0.818
"625",2020-03-08 08:10:00,0.818,0.922
"626",2020-03-08 08:20:00,0.738,0.954
"627",2020-03-08 08:30:00,0.976,0.756
"628",2020-03-08 08:40:00,0.776,0.854
"629",2020-03-08 08:50:00,0.714,1.012
"630",2020-03-08 09:00:00,1.07,0.942
"631",2020-03-08 09:10:00,1.026,0.914
"632",2020-03-08 09:20:00,1.144,1.088
"633",2020-03-08 09:30:00,1.458,0.954
"634",2020-03-08 09:40:00,1.236,1.078
"635",2020-03-08 09:50:00,1.182,1.106
"636",2020-03-08 10:00:00,1.314,1.34
"637",2020-03-08 10:10:00,1.562,1.282
"638",2020-03-08 10:20:00,1.458,1.262
"639",2020-03-08 10:30:00,1.506,1.502
"640",2020-03-08 10:40:00,1.628,1.436
"641",2020-03-08 10:50:00,1.62,1.574
"642",2020-03-08 11:00:00,1.756,1.624
"643",2020-03-08 11:10:00,1.668,1.868
"644",2020-03-08 11:20:00,1.57,1.964
"645",2020-03-08 11:30:00,1.772,1.57
"646",2020-03-08 11:40:00,1.724,1.726
"647",2020-03-08 11:50:00,1.72,1.644
"648",2020-03-08 12:00:00,1.232,1.678
"649",2020-03-08 12:10:00,1.718,1.712
"650",2020-03-08 12:20:00,2.058,1.75
"651",2020-03-08 12:30:00,1.696,1.762
"652",2020-03-08 12:40:00,1.754,1.526
"653",2020-03-08 12:50:00,1.838,1.752
"654",2020-03-08 13:00:00,1.7,1.642
"655",2020-03-08 13:10:00,1.588,1.79
"656",2020-03-08 13:20:00,1.744,1.822
"657",2020-03-08 13:30:00,1.828,1.782
"658",2020-03-08 13:40:00,1.808,1.966
"659",2020-03-08 13:50:00,1.868,1.806
"660",2020-03-08 14:00:00,1.924,1.732
"661",2020-03-08 14:10:00,1.874,1.602
"662",2020-03-08 14:20:00,1.802,1.786
"663",2020-03-08 14:30:00,1.892,1.968
"664",2020-03-08 14:40:00,1.868,1.624
"665",2020-03-08 14:50:00,1.858,1.734
"666",2020-03-08 15:00:00,1.852,1.694
"667",2020-03-08 15:10:00,1.864,1.81
"668",2020-03-08 15:20:00,1.682,1.248
"669",2020-03-08 15:30:00,1.898,1.64
"670",2020-03-08 15:40:00,1.732,1.54
"671",2020-03-08 15:50:00,1.79,1.6
"672",2020-03-08 16:00:00,1.746,1.642
"673",2020-03-08 16:10:00,1.69,1.712
"674",2020-03-08 16:20:00,1.686,1.53
"675",2020-03-08 16:30:00,1.456,1.588
"676",2020-03-08 16:40:00,1.718,1.682
"677",2020-03-08 16:50:00,1.856,1.374
"678",2020-03-08 17:00:00,1.514,1.47
"679",2020-03-08 17:10:00,1.432,1.462
"680",2020-03-08 17:20:00,1.38,1.584
"681",2020-03-08 17:30:00,1.41,1.688
"682",2020-03-08 17:40:00,1.586,1.442
"683",2020-03-08 17:50:00,1.36,1.618
"684",2020-03-08 18:00:00,1.482,1.426
"685",2020-03-08 18:10:00,1.336,1.25
"686",2020-03-08 18:20:00,1.42,1.222
"687",2020-03-08 18:30:00,1.438,1.306
"688",2020-03-08 18:40:00,1.328,1.096
"689",2020-03-08 18:50:00,1.416,1.08
"690",2020-03-08 19:00:00,1.028,1.226
"691",2020-03-08 19:10:00,1.316,1.176
"692",2020-03-08 19:20:00,1.33,0.852
"693",2020-03-08 19:30:00,1.436,1.07
"694",2020-03-08 19:40:00,4.79,0.874
"695",2020-03-08 19:50:00,1.2,1.09
"696",2020-03-08 20:00:00,0.918,0.928
"697",2020-03-08 20:10:00,0.692,1.084
"698",2020-03-08 20:20:00,1.006,0.896
"699",2020-03-08 20:30:00,2.39,0.95
"700",2020-03-08 20:40:00,2.85,0.832
"701",2020-03-08 20:50:00,2.438,0.856
"702",2020-03-08 21:00:00,2.584,0.844
"703",2020-03-08 21:10:00,2.666,0.93
"704",2020-03-08 21:20:00,2.262,0.844
"705",2020-03-08 21:30:00,2.316,0.772
"706",2020-03-08 21:40:00,2.364,0.592
"707",2020-03-08 21:50:00,2.494,0.732
"708",2020-03-08 22:00:00,2.478,0.7
"709",2020-03-08 22:10:00,2.366,0.684
"710",2020-03-08 22:20:00,2.29,0.49
"711",2020-03-08 22:30:00,2.054,0.756
"712",2020-03-08 22:40:00,2.214,0.44
"713",2020-03-08 22:50:00,1.934,0.518
"714",2020-03-08 23:00:00,1.13,0.588
"715",2020-03-08 23:10:00,1.472,0.448
"716",2020-03-08 23:20:00,1.902,0.372
"717",2020-03-08 23:30:00,2.468,0.266
"718",2020-03-08 23:40:00,2.35,0.368
"719",2020-03-08 23:50:00,2.1,0.244
"720",2020-03-09 00:00:00,2.162,0.198
"721",2020-03-09 00:10:00,1.706,0.372
"722",2020-03-09 00:20:00,1.484,0.292
"723",2020-03-09 00:30:00,1.582,0.28
"724",2020-03-09 00:40:00,1.056,0.212
"725",2020-03-09 00:50:00,1.074,0.346
"726",2020-03-09 01:00:00,0.856,0.292
"727",2020-03-09 01:10:00,1.258,0.338
"728",2020-03-09 01:20:00,1.596,0.456
"729",2020-03-09 01:30:00,1.262,0.304
"730",2020-03-09 01:40:00,1.496,0.548
"731",2020-03-09 01:50:00,1.426,0.542
"732",2020-03-09 02:00:00,1.468,0.524
"733",2020-03-09 02:10:00,1.574,0.446
"734",2020-03-09 02:20:00,1.758,0.548
"735",2020-03-09 02:30:00,2.188,0.72
"736",2020-03-09 02:40:00,2.072,0.78
"737",2020-03-09 02:50:00,2.33,0.664
"738",2020-03-09 03:00:00,2.85,0.856
"739",2020-03-09 03:10:00,3.514,0.856
"740",2020-03-09 03:20:00,3.202,0.782
"741",2020-03-09 03:30:00,2.012,0.74
"742",2020-03-09 03:40:00,1.162,1.108
"743",2020-03-09 03:50:00,1.124,1.01
"744",2020-03-09 04:00:00,1.112,1.09
"745",2020-03-09 04:10:00,1.098,1.174
"746",2020-03-09 04:20:00,0.974,1.074
"747",2020-03-09 04:30:00,0.956,1.056
"748",2020-03-09 04:40:00,1.138,1.302
"749",2020-03-09 04:50:00,1.188,1.586
"750",2020-03-09 05:00:00,1.726,1.502
"751",2020-03-09 05:10:00,1.506,1.62
"752",2020-03-09 05:20:00,1.776,2.046
"753",2020-03-09 05:30:00,1.998,1.904
"754",2020-03-09 05:40:00,1.84,1.874
"755",2020-03-09 05:50:00,1.994,1.82
"756",2020-03-09 06:00:00,1.998,2.288
"757",2020-03-09 06:10:00,2.034,2.256
"758",2020-03-09 06:20:00,2.17,2.17
"759",2020-03-09 06:30:00,2.206,2.636
"760",2020-03-09 06:40:00,1.946,2.152
"761",2020-03-09 06:50:00,2.496,2.292
"762",2020-03-09 07:00:00,2.364,2.2
"763",2020-03-09 07:10:00,2.218,2.354
"764",2020-03-09 07:20:00,2.62,2.456
"765",2020-03-09 07:30:00,2.558,2.374
"766",2020-03-09 07:40:00,2.65,2.454
"767",2020-03-09 07:50:00,2.44,2.66
"768",2020-03-09 08:00:00,2.746,2.616
"769",2020-03-09 08:10:00,2.59,2.556
"770",2020-03-09 08:20:00,2.656,2.928
"771",2020-03-09 08:30:00,2.618,2.694
"772",2020-03-09 08:40:00,2.63,2.648
"773",2020-03-09 08:50:00,2.424,2.674
"774",2020-03-09 09:00:00,2.802,2.456
"775",2020-03-09 09:10:00,2.778,2.786
"776",2020-03-09 09:20:00,2.592,2.762
"777",2020-03-09 09:30:00,2.638,2.454
"778",2020-03-09 09:40:00,2.788,2.716
"779",2020-03-09 09:50:00,2.842,2.678
"780",2020-03-09 10:00:00,2.092,2.43
"781",2020-03-09 10:10:00,2.168,2.27
"782",2020-03-09 10:20:00,2.746,2.514
"783",2020-03-09 10:30:00,3.39,2.738
"784",2020-03-09 10:40:00,4.128,2.556
"785",2020-03-09 10:50:00,3.944,2.234
"786",2020-03-09 11:00:00,3.47,3.392
"787",2020-03-09 11:10:00,3.52,32.118
"788",2020-03-09 11:20:00,3.094,36.44
"789",2020-03-09 11:30:00,3.134,34.528
"790",2020-03-09 11:40:00,3.61,32.204
"791",2020-03-09 11:50:00,3.38,22.266
"792",2020-03-09 12:00:00,3.304,16.584
"793",2020-03-09 12:10:00,3.088,14.286
"794",2020-03-09 12:20:00,2.838,14.602
"795",2020-03-09 12:30:00,2.79,13.598
"796",2020-03-09 12:40:00,2.588,11.49
"797",2020-03-09 12:50:00,2.618,11.638
"798",2020-03-09 13:00:00,2.89,10.646
"799",2020-03-09 13:10:00,2.87,9.504
"800",2020-03-09 13:20:00,2.582,7.988
"801",2020-03-09 13:30:00,2.744,9.732
"802",2020-03-09 13:40:00,2.51,30.308
"803",2020-03-09 13:50:00,2.716,34.752
"804",2020-03-09 14:00:00,2.802,18.744
"805",2020-03-09 14:10:00,3.37,11.386
"806",2020-03-09 14:20:00,3.33,7.754
"807",2020-03-09 14:30:00,3.162,7.248
"808",2020-03-09 14:40:00,3.372,6.89
"809",2020-03-09 14:50:00,3.29,7.006
"810",2020-03-09 15:00:00,3.284,6.236
"811",2020-03-09 15:10:00,3.408,6.66
"812",2020-03-09 15:20:00,3.294,7.298
"813",2020-03-09 15:30:00,3.094,6.906
"814",2020-03-09 15:40:00,2.872,6.392
"815",2020-03-09 15:50:00,2.968,6.322
"816",2020-03-09 16:00:00,3.138,6.662
"817",2020-03-09 16:10:00,3.024,6.744
"818",2020-03-09 16:20:00,3.17,7.16
"819",2020-03-09 16:30:00,3.284,6.992
"820",2020-03-09 16:40:00,3.344,7.852
"821",2020-03-09 16:50:00,3.424,8.98
"822",2020-03-09 17:00:00,3.178,9.422
"823",2020-03-09 17:10:00,2.892,9.046
"824",2020-03-09 17:20:00,2.748,7.052
"825",2020-03-09 17:30:00,2.132,4.34
"826",2020-03-09 17:40:00,1.958,2.488
"827",2020-03-09 17:50:00,2.088,2.204
"828",2020-03-09 18:00:00,2.106,2.036
"829",2020-03-09 18:10:00,1.968,2.16
"830",2020-03-09 18:20:00,2.15,2.036
"831",2020-03-09 18:30:00,2.028,2.498
"832",2020-03-09 18:40:00,2.364,3.75
"833",2020-03-09 18:50:00,2.45,3.87
"834",2020-03-09 19:00:00,2.596,3.752
"835",2020-03-09 19:10:00,2.052,3.972
"836",2020-03-09 19:20:00,2.286,3.838
"837",2020-03-09 19:30:00,2.2,3.732
"838",2020-03-09 19:40:00,2.222,2.98
"839",2020-03-09 19:50:00,2.134,2.992
"840",2020-03-09 20:00:00,2.018,3.252
"841",2020-03-09 20:10:00,1.68,3.06
"842",2020-03-09 20:20:00,1.69,3.052
"843",2020-03-09 20:30:00,1.782,2.518
"844",2020-03-09 20:40:00,1.666,3.006
"845",2020-03-09 20:50:00,1.544,3.072
"846",2020-03-09 21:00:00,1.336,2.744
"847",2020-03-09 21:10:00,1.362,2.826
"848",2020-03-09 21:20:00,1.212,2.662
"849",2020-03-09 21:30:00,1.128,2.65
"850",2020-03-09 21:40:00,1.422,2.738
"851",2020-03-09 21:50:00,1.192,2.602
"852",2020-03-09 22:00:00,1.27,2.394
"853",2020-03-09 22:10:00,0.984,2.588
"854",2020-03-09 22:20:00,1.026,2.398
"855",2020-03-09 22:30:00,0.78,1.886
"856",2020-03-09 22:40:00,0.838,1.41
"857",2020-03-09 22:50:00,1.324,1.428
"858",2020-03-09 23:00:00,1.004,1.462
"859",2020-03-09 23:10:00,0.96,0.684
"860",2020-03-09 23:20:00,0.88,0.98
"861",2020-03-09 23:30:00,0.924,0.758
"862",2020-03-09 23:40:00,0.688,0.706
"863",2020-03-09 23:50:00,0.854,0.604
"864",2020-03-10 00:00:00,0.508,0.584
"865",2020-03-10 00:10:00,0.654,0.606
"866",2020-03-10 00:20:00,0.442,0.408
"867",2020-03-10 00:30:00,0.536,0.404
"868",2020-03-10 00:40:00,0.45,0.45
"869",2020-03-10 00:50:00,0.518,0.32
"870",2020-03-10 01:00:00,0.434,0.476
"871",2020-03-10 01:10:00,0.466,0.494
"872",2020-03-10 01:20:00,0.504,0.514
"873",2020-03-10 01:30:00,0.404,0.36
"874",2020-03-10 01:40:00,0.354,3.866
"875",2020-03-10 01:50:00,0.35,5.92
"876",2020-03-10 02:00:00,0.406,7.824
"877",2020-03-10 02:10:00,0.502,11.168
"878",2020-03-10 02:20:00,0.482,12.292
"879",2020-03-10 02:30:00,0.498,12.904
"880",2020-03-10 02:40:00,0.302,14.424
"881",2020-03-10 02:50:00,0.288,17.334
"882",2020-03-10 03:00:00,0.352,22.498
"883",2020-03-10 03:10:00,0.446,24.274
"884",2020-03-10 03:20:00,0.404,8.934
"885",2020-03-10 03:30:00,0.5,0.444
"886",2020-03-10 03:40:00,0.718,0.46
"887",2020-03-10 03:50:00,0.778,0.63
"888",2020-03-10 04:00:00,0.78,0.67
"889",2020-03-10 04:10:00,0.638,0.702
"890",2020-03-10 04:20:00,0.892,0.678
"891",2020-03-10 04:30:00,0.896,0.838
"892",2020-03-10 04:40:00,0.842,1.226
"893",2020-03-10 04:50:00,1.068,1.038
"894",2020-03-10 05:00:00,0.942,0.958
"895",2020-03-10 05:10:00,0.922,1.066
"896",2020-03-10 05:20:00,1.206,1.106
"897",2020-03-10 05:30:00,1.202,0.976
"898",2020-03-10 05:40:00,1.414,1.224
"899",2020-03-10 05:50:00,1.282,1.506
"900",2020-03-10 06:00:00,1.39,1.482
"901",2020-03-10 06:10:00,1.746,1.684
"902",2020-03-10 06:20:00,1.828,1.742
"903",2020-03-10 06:30:00,2.162,1.86
"904",2020-03-10 06:40:00,2.274,1.932
"905",2020-03-10 06:50:00,2.798,2.08
"906",2020-03-10 07:00:00,3.256,2.232
"907",2020-03-10 07:10:00,3.948,2.388
"908",2020-03-10 07:20:00,4.196,2.472
"909",2020-03-10 07:30:00,4.408,2.532
"910",2020-03-10 07:40:00,6.69,2.902
"911",2020-03-10 07:50:00,6.82,2.818
"912",2020-03-10 08:00:00,7.914,2.604
"913",2020-03-10 08:10:00,7.678,3.188
"914",2020-03-10 08:20:00,7.286,3.33
"915",2020-03-10 08:30:00,5.494,3.458
"916",2020-03-10 08:40:00,4.292,3.302
"917",2020-03-10 08:50:00,3.808,3.258
"918",2020-03-10 09:00:00,3.612,3.422
"919",2020-03-10 09:10:00,3.376,3.716
"920",2020-03-10 09:20:00,3.816,3.334
"921",2020-03-10 09:30:00,3.754,3.722
"922",2020-03-10 09:40:00,3.906,3.67
"923",2020-03-10 09:50:00,3.458,3.636
"924",2020-03-10 10:00:00,3.672,3.656
"925",2020-03-10 10:10:00,3.49,3.618
"926",2020-03-10 10:20:00,3.432,3.554
"927",2020-03-10 10:30:00,3.174,3.396
"928",2020-03-10 10:40:00,3.398,3.65
"929",2020-03-10 10:50:00,3.392,3.412
"930",2020-03-10 11:00:00,3.45,3.67
"931",2020-03-10 11:10:00,3.422,3.426
"932",2020-03-10 11:20:00,3.484,3.19
"933",2020-03-10 11:30:00,3.098,3.484
"934",2020-03-10 11:40:00,3.006,3.162
"935",2020-03-10 11:50:00,2.936,2.798
"936",2020-03-10 12:00:00,2.272,2.212
"937",2020-03-10 12:10:00,8.04,1.97
"938",2020-03-10 12:20:00,10.678,1.756
"939",2020-03-10 12:30:00,2.774,1.636
"940",2020-03-10 12:40:00,2.112,1.318
"941",2020-03-10 12:50:00,1.388,1.316
"942",2020-03-10 13:00:00,1.138,1.7
"943",2020-03-10 13:10:00,1.334,1.682
"944",2020-03-10 13:20:00,1.366,1.226
"945",2020-03-10 13:30:00,1.688,1.202
"946",2020-03-10 13:40:00,1.364,1.018
"947",2020-03-10 13:50:00,1.328,1.05
"948",2020-03-10 14:00:00,1.254,1.14
"949",2020-03-10 14:10:00,1.23,1.492
"950",2020-03-10 14:20:00,1.148,1.496
"951",2020-03-10 14:30:00,1.25,1.286
"952",2020-03-10 14:40:00,0.942,1.22
"953",2020-03-10 14:50:00,0.83,1.062
"954",2020-03-10 15:00:00,0.786,1.032
"955",2020-03-10 15:10:00,0.972,1.034
"956",2020-03-10 15:20:00,0.932,1.074
"957",2020-03-10 15:30:00,1.032,1.126
"958",2020-03-10 15:40:00,1.274,1.338
"959",2020-03-10 15:50:00,1.498,1.492
"960",2020-03-10 16:00:00,1.608,1.588
"961",2020-03-10 16:10:00,1.684,1.512
"962",2020-03-10 16:20:00,1.756,1.858
"963",2020-03-10 16:30:00,2.074,2.176
"964",2020-03-10 16:40:00,2.162,2.098
"965",2020-03-10 16:50:00,2.054,2.22
"966",2020-03-10 17:00:00,2.516,2.178
"967",2020-03-10 17:10:00,2.324,2.508
"968",2020-03-10 17:20:00,2.276,2.468
"969",2020-03-10 17:30:00,2.03,2.266
"970",2020-03-10 17:40:00,2.016,2.302
"971",2020-03-10 17:50:00,2.004,2.06
"972",2020-03-10 18:00:00,1.914,1.978
"973",2020-03-10 18:10:00,1.982,1.806
"974",2020-03-10 18:20:00,1.848,1.836
"975",2020-03-10 18:30:00,1.386,1.61
"976",2020-03-10 18:40:00,1.362,1.49
"977",2020-03-10 18:50:00,1.396,1.122
"978",2020-03-10 19:00:00,1.27,0.968
"979",2020-03-10 19:10:00,1.494,1.3
"980",2020-03-10 19:20:00,1.398,1.33
"981",2020-03-10 19:30:00,1.404,1.336
"982",2020-03-10 19:40:00,1.388,1.304
"983",2020-03-10 19:50:00,1.15,1.008
"984",2020-03-10 20:00:00,0.928,1.206
"985",2020-03-10 20:10:00,0.994,0.742
"986",2020-03-10 20:20:00,0.884,1.014
"987",2020-03-10 20:30:00,0.844,0.924
"988",2020-03-10 20:40:00,0.932,0.81
"989",2020-03-10 20:50:00,0.652,0.708
"990",2020-03-10 21:00:00,0.796,0.738
"991",2020-03-10 21:10:00,0.804,0.866
"992",2020-03-10 21:20:00,0.662,0.686
"993",2020-03-10 21:30:00,0.7,0.7
"994",2020-03-10 21:40:00,0.67,0.662
"995",2020-03-10 21:50:00,0.378,0.594
"996",2020-03-10 22:00:00,0.618,0.514
"997",2020-03-10 22:10:00,0.36,0.392
"998",2020-03-10 22:20:00,0.364,0.256
"999",2020-03-10 22:30:00,0.32,0.288
"1000",2020-03-10 22:40:00,0.204,0.25
"1001",2020-03-10 22:50:00,0.092,0.152
"1002",2020-03-10 23:00:00,0.244,0.276
"1003",2020-03-10 23:10:00,0.134,0.114
"1004",2020-03-10 23:20:00,0.186,0.114
"1005",2020-03-10 23:30:00,0.058,0.172
"1006",2020-03-10 23:40:00,0.082,0.106
"1007",2020-03-10 23:50:00,0.162,0.068
"1008",2020-03-11 00:00:00,0.048,0.05
"1009",2020-03-11 00:10:00,0.102,0.14
"1010",2020-03-11 00:20:00,0.018,0.082
"1011",2020-03-11 00:30:00,0.194,0.18
"1012",2020-03-11 00:40:00,0.078,0.13
"1013",2020-03-11 00:50:00,0.142,0.128
"1014",2020-03-11 01:00:00,0,0.032
"1015",2020-03-11 01:10:00,0.108,0.134
"1016",2020-03-11 01:20:00,0.11,0.124
"1017",2020-03-11 01:30:00,0.008,0.086
"1018",2020-03-11 01:40:00,0.07,0.128
"1019",2020-03-11 01:50:00,0.064,0.43
"1020",2020-03-11 02:00:00,0.036,0.13
"1021",2020-03-11 02:10:00,0.044,0.064
"1022",2020-03-11 02:20:00,0.06,0.112
"1023",2020-03-11 02:30:00,0.06,0.214
"1024",2020-03-11 02:40:00,0.014,0.598
"1025",2020-03-11 02:50:00,0.13,0.336
"1026",2020-03-11 03:00:00,0.01,0.758
"1027",2020-03-11 03:10:00,0.126,0.5
"1028",2020-03-11 03:20:00,0.028,0.906
"1029",2020-03-11 03:30:00,0.1,0.746
"1030",2020-03-11 03:40:00,0.07,0.536
"1031",2020-03-11 03:50:00,0.064,0.08
"1032",2020-03-11 04:00:00,0.188,0.008
"1033",2020-03-11 04:10:00,0.17,0.068
"1034",2020-03-11 04:20:00,0.172,0.01
"1035",2020-03-11 04:30:00,0.076,0.064
"1036",2020-03-11 04:40:00,0.05,0.042
"1037",2020-03-11 04:50:00,0.1,0.018
"1038",2020-03-11 05:00:00,0.01,0.062
"1039",2020-03-11 05:10:00,0.108,0.014
"1040",2020-03-11 05:20:00,0.054,0.11
"1041",2020-03-11 05:30:00,0.06,0.098
"1042",2020-03-11 05:40:00,0.014,0.064
"1043",2020-03-11 05:50:00,0.164,0.048
"1044",2020-03-11 06:00:00,0,0.018
"1045",2020-03-11 06:10:00,0.058,0
"1046",2020-03-11 06:20:00,0.07,0.182
"1047",2020-03-11 06:30:00,0.052,0
"1048",2020-03-11 06:40:00,0.05,0.014
"1049",2020-03-11 06:50:00,0.124,0.024
"1050",2020-03-11 07:00:00,0.018,0.028
"1051",2020-03-11 07:10:00,0,0
"1052",2020-03-11 07:20:00,0.024,0.018
"1053",2020-03-11 07:30:00,0.044,0.032
"1054",2020-03-11 07:40:00,0.05,0.048
"1055",2020-03-11 07:50:00,0.052,0.04
"1056",2020-03-11 08:00:00,0.018,0.008
"1057",2020-03-11 08:10:00,0.114,0.064
"1058",2020-03-11 08:20:00,0.102,0.046
"1059",2020-03-11 08:30:00,0.02,0.064
"1060",2020-03-11 08:40:00,0,0.006
"1061",2020-03-11 08:50:00,0.032,0.028
"1062",2020-03-11 09:00:00,0,0.052
"1063",2020-03-11 09:10:00,0,0.028
"1064",2020-03-11 09:20:00,0,0
"1065",2020-03-11 09:30:00,0.004,0
"1066",2020-03-11 09:40:00,0,0
"1067",2020-03-11 09:50:00,0.01,0.014
"1068",2020-03-11 10:00:00,0,0.024
"1069",2020-03-11 10:10:00,0,0.072
"1070",2020-03-11 10:20:00,0.018,0
"1071",2020-03-11 10:30:00,0.074,0
"1072",2020-03-11 10:40:00,0.058,0.034
"1073",2020-03-11 10:50:00,0,0
"1074",2020-03-11 11:00:00,0,0
"1075",2020-03-11 11:10:00,0,0
"1076",2020-03-11 11:20:00,0,0.126
"1077",2020-03-11 11:30:00,0,0
"1078",2020-03-11 11:40:00,0.006,0
"1079",2020-03-11 11:50:00,0,0
"1080",2020-03-11 12:00:00,0,0.052
"1081",2020-03-11 12:10:00,0,0.738
"1082",2020-03-11 12:20:00,0,11.022
"1083",2020-03-11 12:30:00,0,5.644
"1084",2020-03-11 12:40:00,0.032,11.772
"1085",2020-03-11 12:50:00,0,31.488
"1086",2020-03-11 13:00:00,0,8.868
"1087",2020-03-11 13:10:00,0,2.354
"1088",2020-03-11 13:20:00,0.034,8.196
"1089",2020-03-11 13:30:00,0.016,28.506
"1090",2020-03-11 13:40:00,0,11.204
"1091",2020-03-11 13:50:00,0,3.352
"1092",2020-03-11 14:00:00,0,0.8
"1093",2020-03-11 14:10:00,0.028,0.808
"1094",2020-03-11 14:20:00,0.018,1.512
"1095",2020-03-11 14:30:00,0,0.736
"1096",2020-03-11 14:40:00,0,0.094
"1097",2020-03-11 14:50:00,0.058,0.072
"1098",2020-03-11 15:00:00,0.028,0.216
"1099",2020-03-11 15:10:00,0.096,0.268
"1100",2020-03-11 15:20:00,0.178,0.392
"1101",2020-03-11 15:30:00,0.84,1.102
"1102",2020-03-11 15:40:00,0.78,1.08
"1103",2020-03-11 15:50:00,0.692,0.892
"1104",2020-03-11 16:00:00,0.466,0.658
"1105",2020-03-11 16:10:00,0.554,0.586
"1106",2020-03-11 16:20:00,0.342,0.34
"1107",2020-03-11 16:30:00,0.168,0.256
"1108",2020-03-11 16:40:00,0.094,0.412
"1109",2020-03-11 16:50:00,0.232,0.378
"1110",2020-03-11 17:00:00,0.054,0.164
"1111",2020-03-11 17:10:00,0.138,0.228
"1112",2020-03-11 17:20:00,0.038,0.114
"1113",2020-03-11 17:30:00,0.026,0.12
"1114",2020-03-11 17:40:00,0.216,0.15
"1115",2020-03-11 17:50:00,0.126,0.138
"1116",2020-03-11 18:00:00,0.112,0.204
"1117",2020-03-11 18:10:00,0.124,0.364
"1118",2020-03-11 18:20:00,0.334,0.248
"1119",2020-03-11 18:30:00,0.424,0.444
"1120",2020-03-11 18:40:00,0.604,0.894
"1121",2020-03-11 18:50:00,0.606,0.894
"1122",2020-03-11 19:00:00,0.488,0.576
"1123",2020-03-11 19:10:00,0.564,0.624
"1124",2020-03-11 19:20:00,0.19,0.55
"1125",2020-03-11 19:30:00,0.384,0.43
"1126",2020-03-11 19:40:00,0.176,0.364
"1127",2020-03-11 19:50:00,0.202,0.42
"1128",2020-03-11 20:00:00,0.128,0.186
"1129",2020-03-11 20:10:00,0.17,0.274
"1130",2020-03-11 20:20:00,0.098,0.134
"1131",2020-03-11 20:30:00,0.108,0.114
"1132",2020-03-11 20:40:00,0.036,0.07
"1133",2020-03-11 20:50:00,0.058,0.024
"1134",2020-03-11 21:00:00,0.072,0.124
"1135",2020-03-11 21:10:00,0.232,0.178
"1136",2020-03-11 21:20:00,0.03,0.024
"1137",2020-03-11 21:30:00,0,0.094
"1138",2020-03-11 21:40:00,0.008,0.028
"1139",2020-03-11 21:50:00,0.062,0.07
"1140",2020-03-11 22:00:00,0.034,0.046
"1141",2020-03-11 22:10:00,0.02,0.052
"1142",2020-03-11 22:20:00,0.018,0.092
"1143",2020-03-11 22:30:00,0.13,0.102
"1144",2020-03-11 22:40:00,0.416,0.344
"1145",2020-03-11 22:50:00,0.162,0.132
"1146",2020-03-11 23:00:00,0.074,0.134
"1147",2020-03-11 23:10:00,0.028,0.138
"1148",2020-03-11 23:20:00,0.046,0.05
"1149",2020-03-11 23:30:00,0.018,0
"1150",2020-03-11 23:40:00,0.082,0.026
"1151",2020-03-11 23:50:00,0.172,0.234
"1152",2020-03-12 00:00:00,0.374,0.344
"1153",2020-03-12 00:10:00,0.202,0.134
"1154",2020-03-12 00:20:00,0.138,0.092
"1155",2020-03-12 00:30:00,0.224,0.278
"1156",2020-03-12 00:40:00,0.692,0.726
"1157",2020-03-12 00:50:00,0.484,0.252
"1158",2020-03-12 01:00:00,0.172,0.242
"1159",2020-03-12 01:10:00,0.142,0.13
"1160",2020-03-12 01:20:00,0.072,0.124
"1161",2020-03-12 01:30:00,0.054,0.16
"1162",2020-03-12 01:40:00,0.124,0.406
"1163",2020-03-12 01:50:00,0.046,0.602
"1164",2020-03-12 02:00:00,0.046,1.274
"1165",2020-03-12 02:10:00,0.046,1.86
"1166",2020-03-12 02:20:00,0.01,1.852
"1167",2020-03-12 02:30:00,0.036,1.884
"1168",2020-03-12 02:40:00,0.014,2.438
"1169",2020-03-12 02:50:00,0.052,2.656
"1170",2020-03-12 03:00:00,0.134,2.896
"1171",2020-03-12 03:10:00,0.048,3.042
"1172",2020-03-12 03:20:00,0.06,3.414
"1173",2020-03-12 03:30:00,0.104,4.088
"1174",2020-03-12 03:40:00,0.052,4.708
"1175",2020-03-12 03:50:00,0.14,4.592
"1176",2020-03-12 04:00:00,0.2,4.738
"1177",2020-03-12 04:10:00,0.228,4.698
"1178",2020-03-12 04:20:00,0.146,4.514
"1179",2020-03-12 04:30:00,0.26,4.098
"1180",2020-03-12 04:40:00,0.528,4.118
"1181",2020-03-12 04:50:00,0.252,4.12
"1182",2020-03-12 05:00:00,0.416,3.816
"1183",2020-03-12 05:10:00,0.334,3.4
"1184",2020-03-12 05:20:00,0.25,3.038
"1185",2020-03-12 05:30:00,0.492,2.722
"1186",2020-03-12 05:40:00,0.446,2.924
"1187",2020-03-12 05:50:00,0.178,3.278
"1188",2020-03-12 06:00:00,0.432,3.354
"1189",2020-03-12 06:10:00,0.498,3.396
"1190",2020-03-12 06:20:00,0.242,2.974
"1191",2020-03-12 06:30:00,0.482,2.888
"1192",2020-03-12 06:40:00,0.31,2.966
"1193",2020-03-12 06:50:00,0.404,2.78
"1194",2020-03-12 07:00:00,0.458,2.466
"1195",2020-03-12 07:10:00,0.418,2.128
"1196",2020-03-12 07:20:00,0.472,1.992
"1197",2020-03-12 07:30:00,0.538,1.718
"1198",2020-03-12 07:40:00,0.32,1.87
"1199",2020-03-12 07:50:00,0.488,1.642
"1200",2020-03-12 08:00:00,0.624,1.448
"1201",2020-03-12 08:10:00,0.64,1.314
"1202",2020-03-12 08:20:00,0.416,1.114
"1203",2020-03-12 08:30:00,0.282,0.592
"1204",2020-03-12 08:40:00,0.492,0.7
"1205",2020-03-12 08:50:00,0.576,0.924
"1206",2020-03-12 09:00:00,0.56,0.702
"1207",2020-03-12 09:10:00,0.716,0.716
"1208",2020-03-12 09:20:00,0.698,0.714
"1209",2020-03-12 09:30:00,0.47,0.578
"1210",2020-03-12 09:40:00,0.574,0.422
"1211",2020-03-12 09:50:00,0.576,0.578
"1212",2020-03-12 10:00:00,0.52,0.556
"1213",2020-03-12 10:10:00,0.444,0.458
"1214",2020-03-12 10:20:00,0.354,0.592
"1215",2020-03-12 10:30:00,0.978,0.484
"1216",2020-03-12 10:40:00,0.606,0.346
"1217",2020-03-12 10:50:00,0.406,0.55
"1218",2020-03-12 11:00:00,0.596,0.45
"1219",2020-03-12 11:10:00,0.518,0.38
"1220",2020-03-12 11:20:00,0.358,0.306
"1221",2020-03-12 11:30:00,0.488,0.588
"1222",2020-03-12 11:40:00,0.566,0.448
"1223",2020-03-12 11:50:00,0.45,0.496
"1224",2020-03-12 12:00:00,0.508,0.644
"1225",2020-03-12 12:10:00,0.38,0.698
"1226",2020-03-12 12:20:00,0.194,0.802
"1227",2020-03-12 12:30:00,0.36,0.502
"1228",2020-03-12 12:40:00,0.264,0.494
"1229",2020-03-12 12:50:00,0.34,0.386
"1230",2020-03-12 13:00:00,0.48,0.508
"1231",2020-03-12 13:10:00,0.606,0.526
"1232",2020-03-12 13:20:00,0.548,0.512
"1233",2020-03-12 13:30:00,0.508,0.612
"1234",2020-03-12 13:40:00,0.572,0.532
"1235",2020-03-12 13:50:00,0.638,0.602
"1236",2020-03-12 14:00:00,0.578,0.836
"1237",2020-03-12 14:10:00,0.788,0.772
"1238",2020-03-12 14:20:00,0.684,0.792
"1239",2020-03-12 14:30:00,0.704,1.002
"1240",2020-03-12 14:40:00,0.71,1.052
"1241",2020-03-12 14:50:00,0.642,0.95
"1242",2020-03-12 15:00:00,0.81,1.1
"1243",2020-03-12 15:10:00,0.582,0.792
"1244",2020-03-12 15:20:00,0.532,0.87
"1245",2020-03-12 15:30:00,0.568,0.608
"1246",2020-03-12 15:40:00,0.462,0.586
"1247",2020-03-12 15:50:00,0.594,0.746
"1248",2020-03-12 16:00:00,0.506,0.692
"1249",2020-03-12 16:10:00,0.382,0.614
"1250",2020-03-12 16:20:00,0.59,0.514
"1251",2020-03-12 16:30:00,0.484,0.638
"1252",2020-03-12 16:40:00,0.566,0.642
"1253",2020-03-12 16:50:00,0.642,0.608
"1254",2020-03-12 17:00:00,0.648,0.604
"1255",2020-03-12 17:10:00,0.532,0.662
"1256",2020-03-12 17:20:00,0.446,0.544
"1257",2020-03-12 17:30:00,0.416,0.444
"1258",2020-03-12 17:40:00,0.44,0.54
"1259",2020-03-12 17:50:00,0.254,0.582
"1260",2020-03-12 18:00:00,0.144,0.33
"1261",2020-03-12 18:10:00,0.19,0.282
"1262",2020-03-12 18:20:00,0.154,0.33
"1263",2020-03-12 18:30:00,0.408,0.336
"1264",2020-03-12 18:40:00,0.32,0.668
"1265",2020-03-12 18:50:00,0.79,0.73
"1266",2020-03-12 19:00:00,0.67,0.732
"1267",2020-03-12 19:10:00,0.742,0.744
"1268",2020-03-12 19:20:00,0.488,0.6
"1269",2020-03-12 19:30:00,0.536,0.478
"1270",2020-03-12 19:40:00,0.352,0.696
"1271",2020-03-12 19:50:00,0.538,0.562
"1272",2020-03-12 20:00:00,0.306,0.342
"1273",2020-03-12 20:10:00,0.204,0.376
"1274",2020-03-12 20:20:00,0.19,0.29
"1275",2020-03-12 20:30:00,0.194,0.2
"1276",2020-03-12 20:40:00,0.364,0.152
"1277",2020-03-12 20:50:00,0.424,0.324
"1278",2020-03-12 21:00:00,0.522,0.458
"1279",2020-03-12 21:10:00,0.58,0.408
"1280",2020-03-12 21:20:00,0.35,0.532
"1281",2020-03-12 21:30:00,0.384,0.384
"1282",2020-03-12 21:40:00,0.596,0.524
"1283",2020-03-12 21:50:00,0.626,0.45
"1284",2020-03-12 22:00:00,0.506,0.662
"1285",2020-03-12 22:10:00,0.624,0.642
"1286",2020-03-12 22:20:00,0.336,0.514
"1287",2020-03-12 22:30:00,0.262,0.458
"1288",2020-03-12 22:40:00,0.498,0.464
"1289",2020-03-12 22:50:00,0.378,0.494
"1290",2020-03-12 23:00:00,0.464,0.456
"1291",2020-03-12 23:10:00,0.372,0.57
"1292",2020-03-12 23:20:00,0.464,0.464
"1293",2020-03-12 23:30:00,0.486,0.464
"1294",2020-03-12 23:40:00,0.468,0.57
"1295",2020-03-12 23:50:00,0.552,0.228
"1296",2020-03-13 00:00:00,0.422,0.694
"1297",2020-03-13 00:10:00,0.684,0.328
"1298",2020-03-13 00:20:00,0.51,0.686
"1299",2020-03-13 00:30:00,0.51,0.602
"1300",2020-03-13 00:40:00,0.698,0.684
"1301",2020-03-13 00:50:00,0.702,0.816
"1302",2020-03-13 01:00:00,0.572,0.792
"1303",2020-03-13 01:10:00,0.544,0.722
"1304",2020-03-13 01:20:00,0.756,1.164
"1305",2020-03-13 01:30:00,0.712,0.798
"1306",2020-03-13 01:40:00,0.596,1.082
"1307",2020-03-13 01:50:00,0.452,0.528
"1308",2020-03-13 02:00:00,0.56,0.486
"1309",2020-03-13 02:10:00,0.406,0.62
"1310",2020-03-13 02:20:00,0.412,0.632
"1311",2020-03-13 02:30:00,0.4,0.748
"1312",2020-03-13 02:40:00,0.53,0.86
"1313",2020-03-13 02:50:00,0.584,0.926
"1314",2020-03-13 03:00:00,0.788,0.968
"1315",2020-03-13 03:10:00,0.558,1.014
"1316",2020-03-13 03:20:00,0.668,1.006
"1317",2020-03-13 03:30:00,0.664,1.084
"1318",2020-03-13 03:40:00,0.67,1.244
"1319",2020-03-13 03:50:00,0.746,1.412
"1320",2020-03-13 04:00:00,0.806,1.238
"1321",2020-03-13 04:10:00,1.072,1.328
"1322",2020-03-13 04:20:00,1.142,1.474
"1323",2020-03-13 04:30:00,1.162,1.49
"1324",2020-03-13 04:40:00,0.954,1.48
"1325",2020-03-13 04:50:00,1.022,1.49
"1326",2020-03-13 05:00:00,1.11,1.466
"1327",2020-03-13 05:10:00,1.124,1.536
"1328",2020-03-13 05:20:00,1.268,1.766
"1329",2020-03-13 05:30:00,1.264,1.6
"1330",2020-03-13 05:40:00,1.378,1.68
"1331",2020-03-13 05:50:00,1.186,1.644
"1332",2020-03-13 06:00:00,1.182,1.664
"1333",2020-03-13 06:10:00,1.074,1.49
"1334",2020-03-13 06:20:00,1.374,1.332
"1335",2020-03-13 06:30:00,1.504,1.68
"1336",2020-03-13 06:40:00,1.592,1.65
"1337",2020-03-13 06:50:00,1.52,1.796
"1338",2020-03-13 07:00:00,1.664,1.608
"1339",2020-03-13 07:10:00,1.6,1.784
"1340",2020-03-13 07:20:00,1.526,1.83
"1341",2020-03-13 07:30:00,1.488,1.772
"1342",2020-03-13 07:40:00,1.728,1.732
"1343",2020-03-13 07:50:00,1.622,1.83
"1344",2020-03-13 08:00:00,1.766,1.978
"1345",2020-03-13 08:10:00,2.006,2.126
"1346",2020-03-13 08:20:00,1.966,1.88
"1347",2020-03-13 08:30:00,1.782,2.054
"1348",2020-03-13 08:40:00,2.072,2.264
"1349",2020-03-13 08:50:00,2.122,2.202
"1350",2020-03-13 09:00:00,1.846,2.024
"1351",2020-03-13 09:10:00,1.832,2.112
"1352",2020-03-13 09:20:00,1.806,1.974
"1353",2020-03-13 09:30:00,2.188,1.81
"1354",2020-03-13 09:40:00,1.972,1.878
"1355",2020-03-13 09:50:00,1.814,1.906
"1356",2020-03-13 10:00:00,2.02,1.882
"1357",2020-03-13 10:10:00,2.166,1.978
"1358",2020-03-13 10:20:00,2.098,2.138
"1359",2020-03-13 10:30:00,1.83,2.004
"1360",2020-03-13 10:40:00,1.718,2.046
"1361",2020-03-13 10:50:00,1.67,2.096
"1362",2020-03-13 11:00:00,1.976,2.074
"1363",2020-03-13 11:10:00,1.736,1.938
"1364",2020-03-13 11:20:00,1.744,1.822
"1365",2020-03-13 11:30:00,1.964,2.018
"1366",2020-03-13 11:40:00,1.834,1.846
"1367",2020-03-13 11:50:00,1.948,1.638
"1368",2020-03-13 12:00:00,1.784,1.796
"1369",2020-03-13 12:10:00,1.954,2.164
"1370",2020-03-13 12:20:00,2.012,2.254
"1371",2020-03-13 12:30:00,2.336,2.15
"1372",2020-03-13 12:40:00,2.296,2.432
"1373",2020-03-13 12:50:00,2.374,2.472
"1374",2020-03-13 13:00:00,2.562,2.574
"1375",2020-03-13 13:10:00,2.626,2.72
"1376",2020-03-13 13:20:00,2.534,2.6
"1377",2020-03-13 13:30:00,2.022,1.982
"1378",2020-03-13 13:40:00,1.902,2.066
"1379",2020-03-13 13:50:00,1.62,1.592
"1380",2020-03-13 14:00:00,1.39,1.35
"1381",2020-03-13 14:10:00,1.388,1.08
"1382",2020-03-13 14:20:00,1.108,1
"1383",2020-03-13 14:30:00,0.956,0.938
"1384",2020-03-13 14:40:00,0.754,0.744
"1385",2020-03-13 14:50:00,0.628,0.522
"1386",2020-03-13 15:00:00,0.54,0.428
"1387",2020-03-13 15:10:00,0.908,0.874
"1388",2020-03-13 15:20:00,1.296,1.09
"1389",2020-03-13 15:30:00,1.18,1.342
"1390",2020-03-13 15:40:00,1.058,1.12
"1391",2020-03-13 15:50:00,0.996,1.316
"1392",2020-03-13 16:00:00,1.4,1.01
"1393",2020-03-13 16:10:00,1.078,1.108
"1394",2020-03-13 16:20:00,0.892,0.992
"1395",2020-03-13 16:30:00,1.236,0.946
"1396",2020-03-13 16:40:00,1.172,1.234
"1397",2020-03-13 16:50:00,0.942,1.114
"1398",2020-03-13 17:00:00,0.954,1.108
"1399",2020-03-13 17:10:00,0.982,1.006
"1400",2020-03-13 17:20:00,0.988,0.94
"1401",2020-03-13 17:30:00,1.104,0.814
"1402",2020-03-13 17:40:00,0.912,0.976
"1403",2020-03-13 17:50:00,0.684,1.1
"1404",2020-03-13 18:00:00,0.768,0.904
"1405",2020-03-13 18:10:00,0.844,0.658
"1406",2020-03-13 18:20:00,0.774,0.944
"1407",2020-03-13 18:30:00,0.844,0.732
"1408",2020-03-13 18:40:00,1.154,0.92
"1409",2020-03-13 18:50:00,0.906,1.082
"1410",2020-03-13 19:00:00,0.984,0.964
"1411",2020-03-13 19:10:00,0.822,0.892
"1412",2020-03-13 19:20:00,0.782,0.854
"1413",2020-03-13 19:30:00,0.882,0.738
"1414",2020-03-13 19:40:00,0.54,0.596
"1415",2020-03-13 19:50:00,0.668,0.59
"1416",2020-03-13 20:00:00,0.532,0.508
"1417",2020-03-13 20:10:00,0.498,0.364
"1418",2020-03-13 20:20:00,0.308,0.528
"1419",2020-03-13 20:30:00,0.372,0.476
"1420",2020-03-13 20:40:00,0.366,0.424
"1421",2020-03-13 20:50:00,0.434,0.326
"1422",2020-03-13 21:00:00,0.318,0.234
"1423",2020-03-13 21:10:00,0.47,0.368
"1424",2020-03-13 21:20:00,0.282,0.344
"1425",2020-03-13 21:30:00,0.104,0.33
"1426",2020-03-13 21:40:00,0.122,0.236
"1427",2020-03-13 21:50:00,0.152,0.26
"1428",2020-03-13 22:00:00,0.058,0.156
"1429",2020-03-13 22:10:00,0.236,0.162
"1430",2020-03-13 22:20:00,0.13,0.266
"1431",2020-03-13 22:30:00,0.07,0.164
"1432",2020-03-13 22:40:00,0.056,0.16
"1433",2020-03-13 22:50:00,0.066,0.086
"1434",2020-03-13 23:00:00,0,0.018
"1435",2020-03-13 23:10:00,0.074,0.06
"1436",2020-03-13 23:20:00,0.034,0.054
"1437",2020-03-13 23:30:00,0.108,0.15
"1438",2020-03-13 23:40:00,0.246,0.066
"1439",2020-03-13 23:50:00,0.1,0.09
"1440",2020-03-14 00:00:00,0.11,0.27
"1441",2020-03-14 00:10:00,0.112,0.13
"1442",2020-03-14 00:20:00,0.174,0.226
"1443",2020-03-14 00:30:00,0.072,0.202
"1444",2020-03-14 00:40:00,0.168,0.256
"1445",2020-03-14 00:50:00,0.106,0.192
"1446",2020-03-14 01:00:00,0.272,0.228
"1447",2020-03-14 01:10:00,0.184,0.316
"1448",2020-03-14 01:20:00,0.228,0.302
"1449",2020-03-14 01:30:00,0.162,0.14
"1450",2020-03-14 01:40:00,0.082,0.252
"1451",2020-03-14 01:50:00,0.046,0.058
"1452",2020-03-14 02:00:00,0.042,0.136
"1453",2020-03-14 02:10:00,0.008,0.04
"1454",2020-03-14 02:20:00,0.018,0.014
"1455",2020-03-14 02:30:00,0.032,0.026
"1456",2020-03-14 02:40:00,0.036,0.122
"1457",2020-03-14 02:50:00,0.228,0.09
"1458",2020-03-14 03:00:00,0.302,0.164
"1459",2020-03-14 03:10:00,0.68,0.084
"1460",2020-03-14 03:20:00,0.92,0.204
"1461",2020-03-14 03:30:00,0.838,0.086
"1462",2020-03-14 03:40:00,1.112,0.08
"1463",2020-03-14 03:50:00,0.97,0.144
"1464",2020-03-14 04:00:00,1.06,0.276
"1465",2020-03-14 04:10:00,0.79,0.208
"1466",2020-03-14 04:20:00,0.886,0.222
"1467",2020-03-14 04:30:00,0.728,0.152
"1468",2020-03-14 04:40:00,0.67,0.29
"1469",2020-03-14 04:50:00,0.78,0.266
"1470",2020-03-14 05:00:00,0.664,0.44
"1471",2020-03-14 05:10:00,0.63,0.27
"1472",2020-03-14 05:20:00,0.502,0.286
"1473",2020-03-14 05:30:00,0.452,0.504
"1474",2020-03-14 05:40:00,0.388,0.384
"1475",2020-03-14 05:50:00,0.424,0.286
"1476",2020-03-14 06:00:00,0.474,0.61
"1477",2020-03-14 06:10:00,0.348,0.45
"1478",2020-03-14 06:20:00,0.418,0.436
"1479",2020-03-14 06:30:00,0.276,0.294
"1480",2020-03-14 06:40:00,0.516,0.55
"1481",2020-03-14 06:50:00,0.232,0.48
"1482",2020-03-14 07:00:00,0.366,0.274
"1483",2020-03-14 07:10:00,0.374,0.402
"1484",2020-03-14 07:20:00,0.648,0.254
"1485",2020-03-14 07:30:00,0.344,0.396
"1486",2020-03-14 07:40:00,0.3,0.398
"1487",2020-03-14 07:50:00,0.22,0.242
"1488",2020-03-14 08:00:00,0.4,0.482
"1489",2020-03-14 08:10:00,0.342,0.132
"1490",2020-03-14 08:20:00,0.484,0.386
"1491",2020-03-14 08:30:00,0.31,0.47
"1492",2020-03-14 08:40:00,0.408,0.376
"1493",2020-03-14 08:50:00,0.434,0.324
"1494",2020-03-14 09:00:00,0.332,0.27
"1495",2020-03-14 09:10:00,0.492,0.374
"1496",2020-03-14 09:20:00,0.322,0.53
"1497",2020-03-14 09:30:00,0.342,0.506
"1498",2020-03-14 09:40:00,0.37,0.374
"1499",2020-03-14 09:50:00,0.418,0.652
"1500",2020-03-14 10:00:00,0.554,0.586
"1501",2020-03-14 10:10:00,0.442,0.526
"1502",2020-03-14 10:20:00,0.698,0.604
"1503",2020-03-14 10:30:00,0.394,0.444
"1504",2020-03-14 10:40:00,0.368,0.662
"1505",2020-03-14 10:50:00,0.442,0.508
"1506",2020-03-14 11:00:00,0.38,0.712
"1507",2020-03-14 11:10:00,0.302,0.374
"1508",2020-03-14 11:20:00,0.642,0.486
"1509",2020-03-14 11:30:00,0.48,0.546
"1510",2020-03-14 11:40:00,0.492,0.632
"1511",2020-03-14 11:50:00,0.572,0.612
"1512",2020-03-14 12:00:00,0.586,0.578
"1513",2020-03-14 12:10:00,0.67,0.66
"1514",2020-03-14 12:20:00,0.868,0.74
"1515",2020-03-14 12:30:00,0.588,0.552
"1516",2020-03-14 12:40:00,0.594,0.664
"1517",2020-03-14 12:50:00,0.774,0.788
"1518",2020-03-14 13:00:00,0.486,0.664
"1519",2020-03-14 13:10:00,0.816,0.624
"1520",2020-03-14 13:20:00,0.536,0.558
"1521",2020-03-14 13:30:00,0.568,0.71
"1522",2020-03-14 13:40:00,0.59,0.896
"1523",2020-03-14 13:50:00,0.514,0.858
"1524",2020-03-14 14:00:00,0.508,0.824
"1525",2020-03-14 14:10:00,0.588,0.712
"1526",2020-03-14 14:20:00,0.49,0.732
"1527",2020-03-14 14:30:00,0.68,0.704
"1528",2020-03-14 14:40:00,0.672,0.692
"1529",2020-03-14 14:50:00,0.73,0.77
"1530",2020-03-14 15:00:00,0.534,0.742
"1531",2020-03-14 15:10:00,0.7,0.812
"1532",2020-03-14 15:20:00,0.766,0.574
"1533",2020-03-14 15:30:00,0.632,0.766
"1534",2020-03-14 15:40:00,0.7,0.614
"1535",2020-03-14 15:50:00,0.394,0.88
"1536",2020-03-14 16:00:00,0.77,0.756
"1537",2020-03-14 16:10:00,0.702,0.682
"1538",2020-03-14 16:20:00,0.81,0.812
"1539",2020-03-14 16:30:00,0.722,0.748
"1540",2020-03-14 16:40:00,0.866,0.854
"1541",2020-03-14 16:50:00,0.738,0.802
"1542",2020-03-14 17:00:00,0.938,0.748
"1543",2020-03-14 17:10:00,0.762,0.812
"1544",2020-03-14 17:20:00,0.834,0.958
"1545",2020-03-14 17:30:00,0.678,0.724
"1546",2020-03-14 17:40:00,0.63,0.986
"1547",2020-03-14 17:50:00,0.976,0.79
"1548",2020-03-14 18:00:00,0.882,0.788
"1549",2020-03-14 18:10:00,0.816,0.83
"1550",2020-03-14 18:20:00,0.736,0.836
"1551",2020-03-14 18:30:00,0.904,0.738
"1552",2020-03-14 18:40:00,0.806,0.902
"1553",2020-03-14 18:50:00,0.852,0.972
"1554",2020-03-14 19:00:00,0.834,0.812
"1555",2020-03-14 19:10:00,0.646,0.986
"1556",2020-03-14 19:20:00,0.964,0.802
"1557",2020-03-14 19:30:00,0.858,0.8
"1558",2020-03-14 19:40:00,0.862,1.118
"1559",2020-03-14 19:50:00,0.73,0.878
"1560",2020-03-14 20:00:00,1.028,1.04
"1561",2020-03-14 20:10:00,1.11,0.944
"1562",2020-03-14 20:20:00,0.948,0.888
"1563",2020-03-14 20:30:00,0.938,0.942
"1564",2020-03-14 20:40:00,0.664,1.084
"1565",2020-03-14 20:50:00,0.878,1.168
"1566",2020-03-14 21:00:00,0.936,0.96
"1567",2020-03-14 21:10:00,1.17,1.174
"1568",2020-03-14 21:20:00,1.128,1.118
"1569",2020-03-14 21:30:00,1.008,1.19
"1570",2020-03-14 21:40:00,0.952,0.9
"1571",2020-03-14 21:50:00,1.226,0.906
"1572",2020-03-14 22:00:00,1.072,1.168
"1573",2020-03-14 22:10:00,0.832,1.266
"1574",2020-03-14 22:20:00,1.018,1.244
"1575",2020-03-14 22:30:00,0.804,1.252
"1576",2020-03-14 22:40:00,1.224,1.088
"1577",2020-03-14 22:50:00,1.13,1.158
"1578",2020-03-14 23:00:00,1.09,0.908
"1579",2020-03-14 23:10:00,1.17,1.36
"1580",2020-03-14 23:20:00,1.42,1.298
"1581",2020-03-14 23:30:00,1.44,1.362
"1582",2020-03-14 23:40:00,1.498,1.252
"1583",2020-03-14 23:50:00,1.358,1.574
"1584",2020-03-15 00:00:00,1.462,1.336
"1585",2020-03-15 00:10:00,1.19,1.738
"1586",2020-03-15 00:20:00,1.656,1.456
"1587",2020-03-15 00:30:00,1.552,1.458
"1588",2020-03-15 00:40:00,1.476,1.478
"1589",2020-03-15 00:50:00,1.622,1.638
"1590",2020-03-15 01:00:00,1.174,1.564
"1591",2020-03-15 01:10:00,1.264,1.644
"1592",2020-03-15 01:20:00,1.386,1.296
"1593",2020-03-15 01:30:00,1.45,1.316
"1594",2020-03-15 01:40:00,1.456,1.524
"1595",2020-03-15 01:50:00,1.478,1.398
"1596",2020-03-15 02:00:00,1.42,1.314
"1597",2020-03-15 02:10:00,1.346,1.542
"1598",2020-03-15 02:20:00,1.246,1.496
"1599",2020-03-15 02:30:00,1.63,1.626
"1600",2020-03-15 02:40:00,1.434,1.632
"1601",2020-03-15 02:50:00,1.448,1.702
"1602",2020-03-15 03:00:00,1.536,1.692
"1603",2020-03-15 03:10:00,1.736,1.696
"1604",2020-03-15 03:20:00,1.662,1.502
"1605",2020-03-15 03:30:00,1.576,1.794
"1606",2020-03-15 03:40:00,1.694,1.386
"1607",2020-03-15 03:50:00,1.992,1.892
"1608",2020-03-15 04:00:00,1.728,1.788
"1609",2020-03-15 04:10:00,1.524,2.022
"1610",2020-03-15 04:20:00,1.638,2.006
"1611",2020-03-15 04:30:00,1.912,1.776
"1612",2020-03-15 04:40:00,1.92,1.812
"1613",2020-03-15 04:50:00,2.148,1.812
"1614",2020-03-15 05:00:00,1.854,1.768
"1615",2020-03-15 05:10:00,1.934,2.02
"1616",2020-03-15 05:20:00,2.032,1.934
"1617",2020-03-15 05:30:00,1.81,2.034
"1618",2020-03-15 05:40:00,1.924,1.676
"1619",2020-03-15 05:50:00,2.05,2.086
"1620",2020-03-15 06:00:00,1.756,1.844
"1621",2020-03-15 06:10:00,2.542,2.218
"1622",2020-03-15 06:20:00,2.052,2.154
"1623",2020-03-15 06:30:00,2.216,2.126
"1624",2020-03-15 06:40:00,2.128,2.026
"1625",2020-03-15 06:50:00,2.07,2.522
"1626",2020-03-15 07:00:00,2.466,1.9525
"1627",2020-03-15 07:10:00,2.5525,2.3475
"1628",2020-03-15 07:20:00,2.406,2.338
"1629",2020-03-15 07:30:00,2.88,2.898
"1630",2020-03-15 07:40:00,2.53,2.728
"1631",2020-03-15 07:50:00,2.588,2.762
"1632",2020-03-15 08:00:00,2.496,2.8
"1633",2020-03-15 08:10:00,2.84,2.68
"1634",2020-03-15 08:20:00,2.91,2.786
"1635",2020-03-15 08:30:00,2.914,2.718
"1636",2020-03-15 08:40:00,3.204,2.862
"1637",2020-03-15 08:50:00,3.032,2.874
"1638",2020-03-15 09:00:00,2.922,3.066
"1639",2020-03-15 09:10:00,2.956,3.178
"1640",2020-03-15 09:20:00,2.882,2.94
"1641",2020-03-15 09:30:00,2.808,2.916
"1642",2020-03-15 09:40:00,2.916,2.902
"1643",2020-03-15 09:50:00,2.972,2.814
"1644",2020-03-15 10:00:00,2.684,2.83
"1645",2020-03-15 10:10:00,2.952,2.708
"1646",2020-03-15 10:20:00,2.752,2.746
"1647",2020-03-15 10:30:00,2.728,2.746
"1648",2020-03-15 10:40:00,2.966,2.638
"1649",2020-03-15 10:50:00,2.656,2.576
"1650",2020-03-15 11:00:00,2.426,2.662
"1651",2020-03-15 11:10:00,2.256,2.656
"1652",2020-03-15 11:20:00,2.456,2.298
"1653",2020-03-15 11:30:00,2.32,2.394
"1654",2020-03-15 11:40:00,2.286,1.914
"1655",2020-03-15 11:50:00,2.054,2.082
"1656",2020-03-15 12:00:00,1.98,2.28
"1657",2020-03-15 12:10:00,1.884,1.856
"1658",2020-03-15 12:20:00,1.712,1.694
"1659",2020-03-15 12:30:00,1.766,1.84
"1660",2020-03-15 12:40:00,1.772,1.85
"1661",2020-03-15 12:50:00,1.494,1.882
"1662",2020-03-15 13:00:00,1.654,1.644
"1663",2020-03-15 13:10:00,1.886,1.712
"1664",2020-03-15 13:20:00,1.534,1.682
"1665",2020-03-15 13:30:00,1.484,1.632
"1666",2020-03-15 13:40:00,1.608,1.528
"1667",2020-03-15 13:50:00,1.314,1.514
"1668",2020-03-15 14:00:00,1.446,1.51
"1669",2020-03-15 14:10:00,1.644,1.36
"1670",2020-03-15 14:20:00,1.584,1.438
"1671",2020-03-15 14:30:00,1.182,1.134
"1672",2020-03-15 14:40:00,1.42,1.426
"1673",2020-03-15 14:50:00,1.348,1.488
"1674",2020-03-15 15:00:00,1.268,1.386
"1675",2020-03-15 15:10:00,1.366,1.292
"1676",2020-03-15 15:20:00,1.404,1.078
"1677",2020-03-15 15:30:00,1.322,1.28
"1678",2020-03-15 15:40:00,1.252,1.398
"1679",2020-03-15 15:50:00,1.362,1.162
"1680",2020-03-15 16:00:00,1.416,1.176
"1681",2020-03-15 16:10:00,1.242,1.096
"1682",2020-03-15 16:20:00,1.46,1.312
"1683",2020-03-15 16:30:00,1.528,1.494
"1684",2020-03-15 16:40:00,1.258,1.7
"1685",2020-03-15 16:50:00,1.472,1.534
"1686",2020-03-15 17:00:00,1.358,1.532
"1687",2020-03-15 17:10:00,1.462,1.5
"1688",2020-03-15 17:20:00,1.566,1.656
"1689",2020-03-15 17:30:00,1.39,1.362
"1690",2020-03-15 17:40:00,1.394,1.396
"1691",2020-03-15 17:50:00,1.346,1.31
"1692",2020-03-15 18:00:00,1.246,1.47
"1693",2020-03-15 18:10:00,1.274,1.354
"1694",2020-03-15 18:20:00,1.328,1.114
"1695",2020-03-15 18:30:00,1.224,1.246
"1696",2020-03-15 18:40:00,1.232,1.422
"1697",2020-03-15 18:50:00,1.352,1.026
"1698",2020-03-15 19:00:00,1.248,1.058
"1699",2020-03-15 19:10:00,1.27,1.094
"1700",2020-03-15 19:20:00,1.174,0.954
"1701",2020-03-15 19:30:00,1.058,1.238
"1702",2020-03-15 19:40:00,1.138,1.126
"1703",2020-03-15 19:50:00,1.006,0.942
"1704",2020-03-15 20:00:00,0.902,1.41
"1705",2020-03-15 20:10:00,1.044,1.194
"1706",2020-03-15 20:20:00,0.942,1.024
"1707",2020-03-15 20:30:00,1.152,1.234
"1708",2020-03-15 20:40:00,1.066,1.082
"1709",2020-03-15 20:50:00,1.304,0.898
"1710",2020-03-15 21:00:00,1.16,1.026
"1711",2020-03-15 21:10:00,1.266,1.054
"1712",2020-03-15 21:20:00,1.25,1.156
"1713",2020-03-15 21:30:00,1.08,1.184
"1714",2020-03-15 21:40:00,1.12,1.222
"1715",2020-03-15 21:50:00,0.812,1.132
"1716",2020-03-15 22:00:00,1.212,0.966
"1717",2020-03-15 22:10:00,0.992,1.178
"1718",2020-03-15 22:20:00,1.028,1.048
"1719",2020-03-15 22:30:00,0.96,1.402
"1720",2020-03-15 22:40:00,1.146,1.152
"1721",2020-03-15 22:50:00,1.112,1.158
"1722",2020-03-15 23:00:00,1.148,1.188
"1723",2020-03-15 23:10:00,0.996,1.14
"1724",2020-03-15 23:20:00,0.784,1.316
"1725",2020-03-15 23:30:00,0.822,1.146
"1726",2020-03-15 23:40:00,0.88,1.148
"1727",2020-03-15 23:50:00,0.998,0.958
"1728",2020-03-16 00:00:00,1.096,1.116
"1729",2020-03-16 00:10:00,1.012,0.904
"1730",2020-03-16 00:20:00,1.142,0.954
"1731",2020-03-16 00:30:00,1.102,1.326
"1732",2020-03-16 00:40:00,1.502,1.4
"1733",2020-03-16 00:50:00,0.89,1.326
"1734",2020-03-16 01:00:00,1.312,1.002
"1735",2020-03-16 01:10:00,1.23,1.13
"1736",2020-03-16 01:20:00,1.5,1.188
"1737",2020-03-16 01:30:00,1.222,1.196
"1738",2020-03-16 01:40:00,1.01,1.218
"1739",2020-03-16 01:50:00,0.946,1.178
"1740",2020-03-16 02:00:00,1.264,1.012
"1741",2020-03-16 02:10:00,0.962,1.138
"1742",2020-03-16 02:20:00,1.336,1.33
"1743",2020-03-16 02:30:00,1.28,1.1
"1744",2020-03-16 02:40:00,0.994,1.164
"1745",2020-03-16 02:50:00,0.958,1.354
"1746",2020-03-16 03:00:00,1.128,1.448
"1747",2020-03-16 03:10:00,1.078,1.432
"1748",2020-03-16 03:20:00,1.128,1.316
"1749",2020-03-16 03:30:00,1.188,1.244
"1750",2020-03-16 03:40:00,1.3,1.376
"1751",2020-03-16 03:50:00,1.054,1.222
"1752",2020-03-16 04:00:00,1.282,1.32
"1753",2020-03-16 04:10:00,1.434,1.488
"1754",2020-03-16 04:20:00,1.478,1.618
"1755",2020-03-16 04:30:00,1.476,1.4
"1756",2020-03-16 04:40:00,1.46,1.434
"1757",2020-03-16 04:50:00,1.398,1.4
"1758",2020-03-16 05:00:00,1.864,1.142
"1759",2020-03-16 05:10:00,1.668,1.608
"1760",2020-03-16 05:20:00,1.494,1.62
"1761",2020-03-16 05:30:00,1.664,1.548
"1762",2020-03-16 05:40:00,1.314,1.356
"1763",2020-03-16 05:50:00,1.596,1.676
"1764",2020-03-16 06:00:00,1.502,1.766
"1765",2020-03-16 06:10:00,1.758,1.482
"1766",2020-03-16 06:20:00,1.79,1.82
"1767",2020-03-16 06:30:00,1.622,1.636
"1768",2020-03-16 06:40:00,1.696,1.532
"1769",2020-03-16 06:50:00,1.816,1.558
"1770",2020-03-16 07:00:00,1.56,1.942
"1771",2020-03-16 07:10:00,2.09,1.968
"1772",2020-03-16 07:20:00,1.528,1.856
"1773",2020-03-16 07:30:00,1.432,1.582
"1774",2020-03-16 07:40:00,1.804,1.628
"1775",2020-03-16 07:50:00,2.016,1.624
"1776",2020-03-16 08:00:00,1.986,1.854
"1777",2020-03-16 08:10:00,1.552,1.752
"1778",2020-03-16 08:20:00,1.666,1.556
"1779",2020-03-16 08:30:00,1.83,1.56
"1780",2020-03-16 08:40:00,1.802,1.674
"1781",2020-03-16 08:50:00,1.794,1.758
"1782",2020-03-16 09:00:00,1.81,1.43
"1783",2020-03-16 09:10:00,1.944,2.028
"1784",2020-03-16 09:20:00,1.724,1.816
"1785",2020-03-16 09:30:00,1.956,1.87
"1786",2020-03-16 09:40:00,1.884,1.882
"1787",2020-03-16 09:50:00,1.776,1.738
"1788",2020-03-16 10:00:00,1.388,1.876
"1789",2020-03-16 10:10:00,1.532,1.35
"1790",2020-03-16 10:20:00,1.646,1.406
"1791",2020-03-16 10:30:00,1.8,1.488
"1792",2020-03-16 10:40:00,1.668,1.558
"1793",2020-03-16 10:50:00,1.954,1.754
"1794",2020-03-16 11:00:00,1.65,1.786
"1795",2020-03-16 11:10:00,1.466,1.688
"1796",2020-03-16 11:20:00,1.746,1.728
"1797",2020-03-16 11:30:00,2.054,1.794
"1798",2020-03-16 11:40:00,1.824,1.752
"1799",2020-03-16 11:50:00,1.974,1.888
"1800",2020-03-16 12:00:00,1.762,2.02
"1801",2020-03-16 12:10:00,1.934,2.008
"1802",2020-03-16 12:20:00,2.242,2.216
"1803",2020-03-16 12:30:00,2.35,1.874
"1804",2020-03-16 12:40:00,2.074,1.786
"1805",2020-03-16 12:50:00,2.216,2.192
"1806",2020-03-16 13:00:00,2.028,2
"1807",2020-03-16 13:10:00,2.218,1.938
"1808",2020-03-16 13:20:00,2.136,1.892
"1809",2020-03-16 13:30:00,2.274,1.998
"1810",2020-03-16 13:40:00,2.296,2.224
"1811",2020-03-16 13:50:00,2.304,1.942
"1812",2020-03-16 14:00:00,1.912,2.064
"1813",2020-03-16 14:10:00,2.048,1.838
"1814",2020-03-16 14:20:00,2.016,1.936
"1815",2020-03-16 14:30:00,1.932,2.27
"1816",2020-03-16 14:40:00,2.046,1.952
"1817",2020-03-16 14:50:00,2.216,1.978
"1818",2020-03-16 15:00:00,1.666,1.726
"1819",2020-03-16 15:10:00,1.956,1.888
"1820",2020-03-16 15:20:00,2.064,2.08
"1821",2020-03-16 15:30:00,2.226,3.912
"1822",2020-03-16 15:40:00,2.51,5.572
"1823",2020-03-16 15:50:00,2.318,6.616
"1824",2020-03-16 16:00:00,2.73,10.76
"1825",2020-03-16 16:10:00,2.532,18.75
"1826",2020-03-16 16:20:00,2.416,27.364
"1827",2020-03-16 16:30:00,2.45,29.32
"1828",2020-03-16 16:40:00,2.134,28.9
"1829",2020-03-16 16:50:00,2.078,30.97
"1830",2020-03-16 17:00:00,1.828,28.666
"1831",2020-03-16 17:10:00,1.592,20.682
"1832",2020-03-16 17:20:00,1.222,31.528
"1833",2020-03-16 17:30:00,0.984,28.236
"1834",2020-03-16 17:40:00,0.796,34.286
"1835",2020-03-16 17:50:00,0.86,34.738
"1836",2020-03-16 18:00:00,1.146,33.294
"1837",2020-03-16 18:10:00,1.01,30.574
"1838",2020-03-16 18:20:00,1.024,35.096
"1839",2020-03-16 18:30:00,0.942,30.284
"1840",2020-03-16 18:40:00,1.036,26.832
"1841",2020-03-16 18:50:00,1.054,31.032
"1842",2020-03-16 19:00:00,1.128,34.586
"1843",2020-03-16 19:10:00,1.106,34.938
"1844",2020-03-16 19:20:00,0.9,34.69
"1845",2020-03-16 19:30:00,0.752,28.198
"1846",2020-03-16 19:40:00,0.794,30.702
"1847",2020-03-16 19:50:00,0.806,31.584
"1848",2020-03-16 20:00:00,0.868,32.878
"1849",2020-03-16 20:10:00,1.164,32.482
"1850",2020-03-16 20:20:00,1.23,32.45
"1851",2020-03-16 20:30:00,0.892,28.17
"1852",2020-03-16 20:40:00,0.982,18.6
"1853",2020-03-16 20:50:00,0.86,21.18
"1854",2020-03-16 21:00:00,0.898,18.88
"1855",2020-03-16 21:10:00,0.758,13.122
"1856",2020-03-16 21:20:00,0.768,11.38
"1857",2020-03-16 21:30:00,0.536,8.5
"1858",2020-03-16 21:40:00,0.828,5.954
"1859",2020-03-16 21:50:00,0.784,3.844
"1860",2020-03-16 22:00:00,0.886,3.514
"1861",2020-03-16 22:10:00,0.584,3.134
"1862",2020-03-16 22:20:00,0.84,1.692
"1863",2020-03-16 22:30:00,0.674,0.702
"1864",2020-03-16 22:40:00,0.852,0.512
"1865",2020-03-16 22:50:00,0.508,0.566
"1866",2020-03-16 23:00:00,0.544,0.818
"1867",2020-03-16 23:10:00,0.574,0.524
"1868",2020-03-16 23:20:00,0.636,0.894
"1869",2020-03-16 23:30:00,0.566,0.776
"1870",2020-03-16 23:40:00,0.502,0.662
"1871",2020-03-16 23:50:00,0.604,0.72
"1872",2020-03-17 00:00:00,0.554,0.764
"1873",2020-03-17 00:10:00,0.818,0.418
"1874",2020-03-17 00:20:00,0.688,0.786
"1875",2020-03-17 00:30:00,0.904,0.746
"1876",2020-03-17 00:40:00,0.692,0.87
"1877",2020-03-17 00:50:00,0.778,0.774
"1878",2020-03-17 01:00:00,0.976,1.042
"1879",2020-03-17 01:10:00,0.814,0.984
"1880",2020-03-17 01:20:00,0.734,0.966
"1881",2020-03-17 01:30:00,0.914,0.938
"1882",2020-03-17 01:40:00,0.722,1.556
"1883",2020-03-17 01:50:00,0.858,3.852
"1884",2020-03-17 02:00:00,0.484,6.728
"1885",2020-03-17 02:10:00,0.5,10.132
"1886",2020-03-17 02:20:00,0.764,18.982
"1887",2020-03-17 02:30:00,0.986,22.148
"1888",2020-03-17 02:40:00,1.194,4.594
"1889",2020-03-17 02:50:00,1.358,0.622
"1890",2020-03-17 03:00:00,1.28,0.724
"1891",2020-03-17 03:10:00,1.54,0.846
"1892",2020-03-17 03:20:00,1.09,0.93
"1893",2020-03-17 03:30:00,1.386,0.768
"1894",2020-03-17 03:40:00,1.442,0.874
"1895",2020-03-17 03:50:00,1.596,0.98
"1896",2020-03-17 04:00:00,1.75,1.166
"1897",2020-03-17 04:10:00,1.474,1.31
"1898",2020-03-17 04:20:00,1.534,1.14
"1899",2020-03-17 04:30:00,1.576,1.418
"1900",2020-03-17 04:40:00,1.85,1.214
"1901",2020-03-17 04:50:00,1.69,1.412
"1902",2020-03-17 05:00:00,1.864,1.478
"1903",2020-03-17 05:10:00,1.69,1.794
"1904",2020-03-17 05:20:00,1.76,1.8
"1905",2020-03-17 05:30:00,2.156,1.756
"1906",2020-03-17 05:40:00,2.176,1.634
"1907",2020-03-17 05:50:00,2.176,2.026
"1908",2020-03-17 06:00:00,2.156,2.026
"1909",2020-03-17 06:10:00,2.398,2.214
"1910",2020-03-17 06:20:00,2.314,1.962
"1911",2020-03-17 06:30:00,2.438,2.206
"1912",2020-03-17 06:40:00,2.644,2.248
"1913",2020-03-17 06:50:00,2.19,2.328
"1914",2020-03-17 07:00:00,2.502,2.418
"1915",2020-03-17 07:10:00,2.432,2.564
"1916",2020-03-17 07:20:00,2.52,2.488
"1917",2020-03-17 07:30:00,2.466,2.748
"1918",2020-03-17 07:40:00,2.764,2.668
"1919",2020-03-17 07:50:00,2.898,2.778
"1920",2020-03-17 08:00:00,3.118,3.09
"1921",2020-03-17 08:10:00,2.58,3.124
"1922",2020-03-17 08:20:00,3.268,3.02
"1923",2020-03-17 08:30:00,3.082,3.176
"1924",2020-03-17 08:40:00,3.368,3.416
"1925",2020-03-17 08:50:00,3.638,3.47
"1926",2020-03-17 09:00:00,3.818,3.988
"1927",2020-03-17 09:10:00,3.868,3.638
"1928",2020-03-17 09:20:00,3.806,3.964
"1929",2020-03-17 09:30:00,4.016,3.97
"1930",2020-03-17 09:40:00,3.962,4.106
"1931",2020-03-17 09:50:00,4.316,4.164
"1932",2020-03-17 10:00:00,4.106,4.32
"1933",2020-03-17 10:10:00,4.258,4.204
"1934",2020-03-17 10:20:00,4.234,4.494
"1935",2020-03-17 10:30:00,4.3,4.306
"1936",2020-03-17 10:40:00,4.2,4.588
"1937",2020-03-17 10:50:00,4.436,4.6
"1938",2020-03-17 11:00:00,4.53,4.41
"1939",2020-03-17 11:10:00,4.36,4.286
"1940",2020-03-17 11:20:00,4.362,4.432
"1941",2020-03-17 11:30:00,4.508,4.308
"1942",2020-03-17 11:40:00,4.522,4.458
"1943",2020-03-17 11:50:00,4.894,4.422
"1944",2020-03-17 12:00:00,4.29,4.218
"1945",2020-03-17 12:10:00,4.006,4.458
"1946",2020-03-17 12:20:00,4.72,4.5
"1947",2020-03-17 12:30:00,5.844,4.484
"1948",2020-03-17 12:40:00,5.446,4.148
"1949",2020-03-17 12:50:00,5.21,4.288
"1950",2020-03-17 13:00:00,5.366,4.13
"1951",2020-03-17 13:10:00,5.298,4.424
"1952",2020-03-17 13:20:00,4.954,4.318
"1953",2020-03-17 13:30:00,5.296,4.16
"1954",2020-03-17 13:40:00,4.734,4.256
"1955",2020-03-17 13:50:00,5.072,4.256
"1956",2020-03-17 14:00:00,5.696,4.438
"1957",2020-03-17 14:10:00,5.462,4.434
"1958",2020-03-17 14:20:00,5.126,4.302
"1959",2020-03-17 14:30:00,4.772,4.598
"1960",2020-03-17 14:40:00,4.538,4.516
"1961",2020-03-17 14:50:00,4.222,5.044
"1962",2020-03-17 15:00:00,4.288,4.796
"1963",2020-03-17 15:10:00,4.272,5.164
"1964",2020-03-17 15:20:00,4.176,4.948
"1965",2020-03-17 15:30:00,4.308,4.512
"1966",2020-03-17 15:40:00,4.084,4.158
"1967",2020-03-17 15:50:00,4.448,4.412
"1968",2020-03-17 16:00:00,4.002,4.408
"1969",2020-03-17 16:10:00,4.444,4.63
"1970",2020-03-17 16:20:00,4.298,4.832
"1971",2020-03-17 16:30:00,4.484,4.646
"1972",2020-03-17 16:40:00,4.606,4.82
"1973",2020-03-17 16:50:00,4.886,5.36
"1974",2020-03-17 17:00:00,5.016,5.018
"1975",2020-03-17 17:10:00,4.92,4.876
"1976",2020-03-17 17:20:00,4.846,4.954
"1977",2020-03-17 17:30:00,4.902,4.792
"1978",2020-03-17 17:40:00,5.08,5.15
"1979",2020-03-17 17:50:00,5.156,4.978
"1980",2020-03-17 18:00:00,4.978,5.178
"1981",2020-03-17 18:10:00,4.808,4.904
"1982",2020-03-17 18:20:00,4.968,5.298
"1983",2020-03-17 18:30:00,4.954,4.81
"1984",2020-03-17 18:40:00,4.898,4.97
"1985",2020-03-17 18:50:00,4.86,5.122
"1986",2020-03-17 19:00:00,4.77,4.812
"1987",2020-03-17 19:10:00,4.594,4.806
"1988",2020-03-17 19:20:00,4.59,4.66
"1989",2020-03-17 19:30:00,4.688,4.566
"1990",2020-03-17 19:40:00,4.284,4.812
"1991",2020-03-17 19:50:00,4.448,4.546
"1992",2020-03-17 20:00:00,4.186,4.436
"1993",2020-03-17 20:10:00,4.512,4.174
"1994",2020-03-17 20:20:00,4.182,4.342
"1995",2020-03-17 20:30:00,3.41,3.87
"1996",2020-03-17 20:40:00,2.958,3.018
"1997",2020-03-17 20:50:00,2.428,2.932
"1998",2020-03-17 21:00:00,2.72,2.46
"1999",2020-03-17 21:10:00,2.51,2.604
"2000",2020-03-17 21:20:00,2.178,2.494
"2001",2020-03-17 21:30:00,2.246,2.302
"2002",2020-03-17 21:40:00,2.352,2.28
"2003",2020-03-17 21:50:00,2.122,2.334
"2004",2020-03-17 22:00:00,2.2,2.176
"2005",2020-03-17 22:10:00,2.37,2.226
"2006",2020-03-17 22:20:00,2.15,2.188
"2007",2020-03-17 22:30:00,2.048,2.148
"2008",2020-03-17 22:40:00,1.976,1.922
"2009",2020-03-17 22:50:00,1.952,2.168
"2010",2020-03-17 23:00:00,2.126,1.914
"2011",2020-03-17 23:10:00,1.8,1.676
"2012",2020-03-17 23:20:00,1.93,2.278
"2013",2020-03-17 23:30:00,2.114,2.134
"2014",2020-03-17 23:40:00,2.098,1.954
"2015",2020-03-17 23:50:00,2.238,2.476
"2016",2020-03-18 00:00:00,2.318,2.192
"2017",2020-03-18 00:10:00,2.476,2.348
"2018",2020-03-18 00:20:00,2.278,2.422
"2019",2020-03-18 00:30:00,2.326,2.126
"2020",2020-03-18 00:40:00,2.214,2.708
"2021",2020-03-18 00:50:00,2.47,2.442
"2022",2020-03-18 01:00:00,2.698,2.834
"2023",2020-03-18 01:10:00,2.688,2.656
"2024",2020-03-18 01:20:00,2.498,2.824
"2025",2020-03-18 01:30:00,2.378,2.586
"2026",2020-03-18 01:40:00,2.186,2.194
"2027",2020-03-18 01:50:00,2.126,2.39
"2028",2020-03-18 02:00:00,2.624,2.17
"2029",2020-03-18 02:10:00,2.544,2.412
"2030",2020-03-18 02:20:00,2.456,2.266
"2031",2020-03-18 02:30:00,2.296,2.586
"2032",2020-03-18 02:40:00,2.67,2.4
"2033",2020-03-18 02:50:00,2.366,2.684
"2034",2020-03-18 03:00:00,2.61,2.62
"2035",2020-03-18 03:10:00,2.54,2.58
"2036",2020-03-18 03:20:00,2.622,2.496
"2037",2020-03-18 03:30:00,2.688,2.99
"2038",2020-03-18 03:40:00,2.99,2.86
"2039",2020-03-18 03:50:00,3.214,2.66
"2040",2020-03-18 04:00:00,3.3,3.192
"2041",2020-03-18 04:10:00,3.482,3.116
"2042",2020-03-18 04:20:00,3.422,3.132
"2043",2020-03-18 04:30:00,3.504,3.338
"2044",2020-03-18 04:40:00,3.442,3.516
"2045",2020-03-18 04:50:00,3.56,3.482
"2046",2020-03-18 05:00:00,3.648,3.306
"2047",2020-03-18 05:10:00,3.75,3.676
"2048",2020-03-18 05:20:00,3.836,3.696
"2049",2020-03-18 05:30:00,3.908,3.57
"2050",2020-03-18 05:40:00,3.972,3.63
"2051",2020-03-18 05:50:00,4.116,3.71
"2052",2020-03-18 06:00:00,4.102,3.982
"2053",2020-03-18 06:10:00,4.034,4.3
"2054",2020-03-18 06:20:00,4.274,4.228
"2055",2020-03-18 06:30:00,4.324,4.302
"2056",2020-03-18 06:40:00,4.484,4.404
"2057",2020-03-18 06:50:00,4.526,4.434
"2058",2020-03-18 07:00:00,4.658,4.846
"2059",2020-03-18 07:10:00,4.864,4.72
"2060",2020-03-18 07:20:00,5,4.976
"2061",2020-03-18 07:30:00,5.108,5.504
"2062",2020-03-18 07:40:00,5.324,5.32
"2063",2020-03-18 07:50:00,5.582,5.476
"2064",2020-03-18 08:00:00,5.584,5.296
"2065",2020-03-18 08:10:00,5.586,5.658
"2066",2020-03-18 08:20:00,5.768,5.646
"2067",2020-03-18 08:30:00,5.336,5.664
"2068",2020-03-18 08:40:00,5.874,5.738
"2069",2020-03-18 08:50:00,6.034,5.732
"2070",2020-03-18 09:00:00,6.09,5.768
"2071",2020-03-18 09:10:00,6.144,5.922
"2072",2020-03-18 09:20:00,5.742,6.056
"2073",2020-03-18 09:30:00,6.038,6.352
"2074",2020-03-18 09:40:00,6.008,6.186
"2075",2020-03-18 09:50:00,6.042,6.442
"2076",2020-03-18 10:00:00,6.364,6.288
"2077",2020-03-18 10:10:00,6.606,6.364
"2078",2020-03-18 10:20:00,6.634,6.774
"2079",2020-03-18 10:30:00,6.64,6.658
"2080",2020-03-18 10:40:00,6.5,6.714
"2081",2020-03-18 10:50:00,6.718,6.48
"2082",2020-03-18 11:00:00,6.698,6.84
"2083",2020-03-18 11:10:00,7.168,7.03
"2084",2020-03-18 11:20:00,7.216,6.786
"2085",2020-03-18 11:30:00,7.11,7.054
"2086",2020-03-18 11:40:00,7.082,7.138
"2087",2020-03-18 11:50:00,7.038,6.986
"2088",2020-03-18 12:00:00,6.82,6.392
"2089",2020-03-18 12:10:00,6.606,6.22
"2090",2020-03-18 12:20:00,6.704,7.12
"2091",2020-03-18 12:30:00,7.034,6.758
"2092",2020-03-18 12:40:00,6.782,6.452
"2093",2020-03-18 12:50:00,6.682,6.744
"2094",2020-03-18 13:00:00,6.24,6.91
"2095",2020-03-18 13:10:00,6.796,6.768
"2096",2020-03-18 13:20:00,6.84,6.924
"2097",2020-03-18 13:30:00,7.192,6.866
"2098",2020-03-18 13:40:00,6.66,6.882
"2099",2020-03-18 13:50:00,6.414,6.576
"2100",2020-03-18 14:00:00,6.344,6.512
"2101",2020-03-18 14:10:00,6.444,7.268
"2102",2020-03-18 14:20:00,6.652,6.666
"2103",2020-03-18 14:30:00,6.556,6.716
"2104",2020-03-18 14:40:00,6.618,6.578
"2105",2020-03-18 14:50:00,6.23,6.614
"2106",2020-03-18 15:00:00,6.312,6.698
"2107",2020-03-18 15:10:00,6.374,6.478
"2108",2020-03-18 15:20:00,6.442,6.286
"2109",2020-03-18 15:30:00,5.92,6.54
"2110",2020-03-18 15:40:00,6.09,6.334
"2111",2020-03-18 15:50:00,5.938,5.932
"2112",2020-03-18 16:00:00,5.836,5.8
"2113",2020-03-18 16:10:00,5.388,5.37
"2114",2020-03-18 16:20:00,5.108,5.052
"2115",2020-03-18 16:30:00,5.278,5.21
"2116",2020-03-18 16:40:00,5.11,5.35
"2117",2020-03-18 16:50:00,4.868,4.918
"2118",2020-03-18 17:00:00,4.704,4.986
"2119",2020-03-18 17:10:00,4.73,4.836
"2120",2020-03-18 17:20:00,4.196,4.642
"2121",2020-03-18 17:30:00,3.766,4.436
"2122",2020-03-18 17:40:00,3.876,4.346
"2123",2020-03-18 17:50:00,3.68,3.846
"2124",2020-03-18 18:00:00,3.972,4.012
"2125",2020-03-18 18:10:00,3.388,3.932
"2126",2020-03-18 18:20:00,3.516,3.788
"2127",2020-03-18 18:30:00,2.97,3.254
"2128",2020-03-18 18:40:00,3.234,3.398
"2129",2020-03-18 18:50:00,2.874,3.072
"2130",2020-03-18 19:00:00,3.218,2.984
"2131",2020-03-18 19:10:00,2.942,2.81
"2132",2020-03-18 19:20:00,2.44,3.024
"2133",2020-03-18 19:30:00,2.606,2.66
"2134",2020-03-18 19:40:00,2.686,2.942
"2135",2020-03-18 19:50:00,2.33,2.542
"2136",2020-03-18 20:00:00,2.838,2.76
"2137",2020-03-18 20:10:00,2.664,2.956
"2138",2020-03-18 20:20:00,2.446,2.664
"2139",2020-03-18 20:30:00,2.558,2.756
"2140",2020-03-18 20:40:00,2.49,2.784
"2141",2020-03-18 20:50:00,2.526,2.444
"2142",2020-03-18 21:00:00,2.482,2.786
"2143",2020-03-18 21:10:00,2.438,2.634
"2144",2020-03-18 21:20:00,2.468,2.676
"2145",2020-03-18 21:30:00,2.54,2.586
"2146",2020-03-18 21:40:00,2.568,2.558
"2147",2020-03-18 21:50:00,2.412,2.274
"2148",2020-03-18 22:00:00,2.444,2.278
"2149",2020-03-18 22:10:00,2.532,2.362
"2150",2020-03-18 22:20:00,2.408,2.214
"2151",2020-03-18 22:30:00,2.028,2.462
"2152",2020-03-18 22:40:00,1.744,1.858
"2153",2020-03-18 22:50:00,1.734,2.47
"2154",2020-03-18 23:00:00,2.118,2.118
"2155",2020-03-18 23:10:00,1.736,2.024
"2156",2020-03-18 23:20:00,2.074,1.898
"2157",2020-03-18 23:30:00,2.324,2.496
"2158",2020-03-18 23:40:00,2.086,2.278
"2159",2020-03-18 23:50:00,2.19,2.22
"2160",2020-03-19 00:00:00,2.21,2.19
"2161",2020-03-19 00:10:00,2.49,2.55
"2162",2020-03-19 00:20:00,2.28,2.784
"2163",2020-03-19 00:30:00,2.542,2.328
"2164",2020-03-19 00:40:00,2.342,2.548
"2165",2020-03-19 00:50:00,2.37,2.26
"2166",2020-03-19 01:00:00,2.402,2.654
"2167",2020-03-19 01:10:00,2.368,2.218
"2168",2020-03-19 01:20:00,2.606,2.816
"2169",2020-03-19 01:30:00,2.624,2.264
"2170",2020-03-19 01:40:00,2.318,2.308
"2171",2020-03-19 01:50:00,2.492,2.39
"2172",2020-03-19 02:00:00,2.418,2.43
"2173",2020-03-19 02:10:00,2.462,2.148
"2174",2020-03-19 02:20:00,2.216,2.038
"2175",2020-03-19 02:30:00,2.416,2.264
"2176",2020-03-19 02:40:00,2.378,2.4
"2177",2020-03-19 02:50:00,2.87,2.45
"2178",2020-03-19 03:00:00,2.644,2.558
"2179",2020-03-19 03:10:00,2.614,2.692
"2180",2020-03-19 03:20:00,2.82,2.862
"2181",2020-03-19 03:30:00,2.94,2.762
"2182",2020-03-19 03:40:00,3.166,3.002
"2183",2020-03-19 03:50:00,3.478,3.156
"2184",2020-03-19 04:00:00,3.594,3.526
"2185",2020-03-19 04:10:00,3.736,3.626
"2186",2020-03-19 04:20:00,3.818,4.198
"2187",2020-03-19 04:30:00,3.944,4.052
"2188",2020-03-19 04:40:00,4.292,4.27
"2189",2020-03-19 04:50:00,4.518,4.438
"2190",2020-03-19 05:00:00,4.452,4.692
"2191",2020-03-19 05:10:00,4.53,4.642
"2192",2020-03-19 05:20:00,4.452,4.812
"2193",2020-03-19 05:30:00,4.652,4.974
"2194",2020-03-19 05:40:00,4.9,5.148
"2195",2020-03-19 05:50:00,4.992,5.174
"2196",2020-03-19 06:00:00,5.066,5.458
"2197",2020-03-19 06:10:00,4.908,5.696
"2198",2020-03-19 06:20:00,5.274,5.714
"2199",2020-03-19 06:30:00,5.526,5.974
"2200",2020-03-19 06:40:00,5.624,5.708
"2201",2020-03-19 06:50:00,5.484,6.154
"2202",2020-03-19 07:00:00,5.788,5.704
"2203",2020-03-19 07:10:00,6.084,6.03
"2204",2020-03-19 07:20:00,5.624,6.506
"2205",2020-03-19 07:30:00,5.762,6.302
"2206",2020-03-19 07:40:00,5.812,6.736
"2207",2020-03-19 07:50:00,5.698,6.142
"2208",2020-03-19 08:00:00,5.64,6.396
"2209",2020-03-19 08:10:00,5.576,6.568
"2210",2020-03-19 08:20:00,5.83,6.572
"2211",2020-03-19 08:30:00,5.652,6.396
"2212",2020-03-19 08:40:00,5.674,6.578
"2213",2020-03-19 08:50:00,5.938,6.572
"2214",2020-03-19 09:00:00,5.498,6.734
"2215",2020-03-19 09:10:00,5.616,6.54
"2216",2020-03-19 09:20:00,5.57,6.368
"2217",2020-03-19 09:30:00,6.242,6.866
"2218",2020-03-19 09:40:00,5.766,6.686
"2219",2020-03-19 09:50:00,5.544,6.642
"2220",2020-03-19 10:00:00,5.762,6.808
"2221",2020-03-19 10:10:00,5.386,7.204
"2222",2020-03-19 10:20:00,5.336,6.838
"2223",2020-03-19 10:30:00,5.442,7.018
"2224",2020-03-19 10:40:00,5.69,7.246
"2225",2020-03-19 10:50:00,5.468,7.486
"2226",2020-03-19 11:00:00,5.654,7.404
"2227",2020-03-19 11:10:00,5.398,7.47
"2228",2020-03-19 11:20:00,5.602,7.382
"2229",2020-03-19 11:30:00,5.696,8.05
"2230",2020-03-19 11:40:00,5.86,7.65
"2231",2020-03-19 11:50:00,5.73,8.45
"2232",2020-03-19 12:00:00,5.18,7.664
"2233",2020-03-19 12:10:00,5.132,7.12
"2234",2020-03-19 12:20:00,4.812,6.306
"2235",2020-03-19 12:30:00,4.95,6.092
"2236",2020-03-19 12:40:00,5.262,6.198
"2237",2020-03-19 12:50:00,5.176,6.38
"2238",2020-03-19 13:00:00,4.918,5.806
"2239",2020-03-19 13:10:00,5.514,5.608
"2240",2020-03-19 13:20:00,5.328,5.758
"2241",2020-03-19 13:30:00,5.23,5.544
"2242",2020-03-19 13:40:00,5.292,5.324
"2243",2020-03-19 13:50:00,5.13,5.52
"2244",2020-03-19 14:00:00,5.726,5.238
"2245",2020-03-19 14:10:00,5.12,5.178
"2246",2020-03-19 14:20:00,5.224,5.424
"2247",2020-03-19 14:30:00,5.196,5.728
"2248",2020-03-19 14:40:00,5.082,5.526
"2249",2020-03-19 14:50:00,5.256,5.298
"2250",2020-03-19 15:00:00,4.992,5.648
"2251",2020-03-19 15:10:00,5.368,5.588
"2252",2020-03-19 15:20:00,5.194,5.39
"2253",2020-03-19 15:30:00,5.07,5.542
"2254",2020-03-19 15:40:00,4.956,5.772
"2255",2020-03-19 15:50:00,4.998,5.612
"2256",2020-03-19 16:00:00,5.03,6.004
"2257",2020-03-19 16:10:00,5.11,6.466
"2258",2020-03-19 16:20:00,5.266,6.048
"2259",2020-03-19 16:30:00,5.654,6.04
"2260",2020-03-19 16:40:00,5.724,6.066
"2261",2020-03-19 16:50:00,5.552,6.088
"2262",2020-03-19 17:00:00,5.628,6.142
"2263",2020-03-19 17:10:00,5.842,6.756
"2264",2020-03-19 17:20:00,6.286,6.896
"2265",2020-03-19 17:30:00,6.208,7.456
"2266",2020-03-19 17:40:00,6.4,7.53
"2267",2020-03-19 17:50:00,6.714,7.838
"2268",2020-03-19 18:00:00,6.96,8.1
"2269",2020-03-19 18:10:00,7.27,8.52
"2270",2020-03-19 18:20:00,7.856,8.998
"2271",2020-03-19 18:30:00,8.056,9.266
"2272",2020-03-19 18:40:00,8.188,9.616
"2273",2020-03-19 18:50:00,8.226,10.066
"2274",2020-03-19 19:00:00,8.11,9.518
"2275",2020-03-19 19:10:00,8.182,9.518
"2276",2020-03-19 19:20:00,7.9,9.586
"2277",2020-03-19 19:30:00,7.884,9.368
"2278",2020-03-19 19:40:00,7.438,8.906
"2279",2020-03-19 19:50:00,7.34,8.592
"2280",2020-03-19 20:00:00,7.578,8.828
"2281",2020-03-19 20:10:00,7.512,8.028
"2282",2020-03-19 20:20:00,6.958,8.138
"2283",2020-03-19 20:30:00,7.332,7.85
"2284",2020-03-19 20:40:00,6.736,7.25
"2285",2020-03-19 20:50:00,6.42,6.806
"2286",2020-03-19 21:00:00,6.318,6.262
"2287",2020-03-19 21:10:00,5.824,6.166
"2288",2020-03-19 21:20:00,5.488,5.756
"2289",2020-03-19 21:30:00,5.104,5.488
"2290",2020-03-19 21:40:00,4.986,5.336
"2291",2020-03-19 21:50:00,4.716,5.114
"2292",2020-03-19 22:00:00,4.146,5.004
"2293",2020-03-19 22:10:00,3.832,4.304
"2294",2020-03-19 22:20:00,4.092,4.404
"2295",2020-03-19 22:30:00,3.684,4.236
"2296",2020-03-19 22:40:00,3.592,3.696
"2297",2020-03-19 22:50:00,3.424,3.828
"2298",2020-03-19 23:00:00,3.464,3.856
"2299",2020-03-19 23:10:00,3.52,3.904
"2300",2020-03-19 23:20:00,3.752,3.824
"2301",2020-03-19 23:30:00,3.414,3.836
"2302",2020-03-19 23:40:00,3.346,3.714
"2303",2020-03-19 23:50:00,3.36,3.726
"2304",2020-03-20 00:00:00,3.336,3.454
