PA_Floor_A,PA_Floor_B,ID_10m,PM25,TempC,RH,CO2
10.18,12.23,9/8/2020 11:00:00 PM,15.309748188,25,20,522.5
34.698,35.024,9/8/2020 11:10:00 PM,15.133560690,25.05,20.5,523.5
50.67,50.926,9/8/2020 11:20:00 PM,15.092442088,25.2,20,516.5
53.794,52.658,9/8/2020 11:30:00 PM,15.859703245,25.35,20,513
57.28,56.33,9/8/2020 11:40:00 PM,16.865395948,25.45,20,510.5
61.964,60.834,9/8/2020 11:50:00 PM,18.410940613,25.55,20,508.5
68.06,65.24,9/9/2020 12:00:00 AM,20.044921042,25.5,20,508.5
71.928,68.644,9/9/2020 12:10:00 AM,21.377737770,25.6,20,509
72.682,70.664,9/9/2020 12:20:00 AM,22.137821944,25.55,20,509
74.41,71.606,9/9/2020 12:30:00 AM,22.425828704,25.65,20,508
75.358,70.25,9/9/2020 12:40:00 AM,21.852318711,25.4,20,507.5
75.246,69.358,9/9/2020 12:50:00 AM,21.643050069,25.25,21,507
73.584,70.228,9/9/2020 1:00:00 AM,21.663244028,25.05,21,508.5
76.07,70.46,9/9/2020 1:10:00 AM,22.143948323,24.95,21,510
77.082,72.344,9/9/2020 1:20:00 AM,22.563338100,25,21,513
74.414,71.904,9/9/2020 1:30:00 AM,22.274739197,25.2,21.5,512.5
71.604,69.754,9/9/2020 1:40:00 AM,21.809279293,25.55,21,511.5
70.706,69.068,9/9/2020 1:50:00 AM,21.925730618,25.85,21,509
69.238,69.812,9/9/2020 2:00:00 AM,21.778987426,25.95,21,506.5
69.814,69.18,9/9/2020 2:10:00 AM,21.613839568,26.05,21,505.5
70.824,67.846,9/9/2020 2:20:00 AM,21.733568554,26.2,21,504
68.236,68.182,9/9/2020 2:30:00 AM,21.146595176,26.2,21,504
68.052,67.7,9/9/2020 2:40:00 AM,21.198924883,26.25,21,502.5
68.084,68.068,9/9/2020 2:50:00 AM,21.367400030,26.25,21,503.5
69.842,68.45,9/9/2020 3:00:00 AM,21.644533833,26.3,22,502.5
70.554,70.312,9/9/2020 3:10:00 AM,21.859376934,26.3,22,504
72.326,71.426,9/9/2020 3:20:00 AM,22.449212074,26.3,22,503
73.968,71.164,9/9/2020 3:30:00 AM,22.742931781,26.3,22,503.5
74.394,72.614,9/9/2020 3:40:00 AM,22.900705945,26.35,22,502.5
74.748,73.03,9/9/2020 3:50:00 AM,23.066088168,26.35,22,503.5
75.478,72.848,9/9/2020 4:00:00 AM,23.109896914,26.3,22,505
76.082,71.85,9/9/2020 4:10:00 AM,23.013139265,26.4,22,504.5
75.42,71.166,9/9/2020 4:20:00 AM,23.258166432,26.4,22,503.5
75.644,70.262,9/9/2020 4:30:00 AM,23.250777102,26.4,22,502.5
76.328,70.366,9/9/2020 4:40:00 AM,23.042402853,26.4,22.5,503
76.116,70.206,9/9/2020 4:50:00 AM,22.740234365,26.35,22.5,504.5
74.434,69.626,9/9/2020 5:00:00 AM,22.612058811,26.4,23,504
73.892,68.276,9/9/2020 5:10:00 AM,22.559855287,26.4,23,505
74.086,68.092,9/9/2020 5:20:00 AM,22.493897162,26.35,23,504.5
71.098,67.232,9/9/2020 5:30:00 AM,22.254567713,26.4,23,504
71.19,66.592,9/9/2020 5:40:00 AM,21.842861406,26.4,23,503.5
72.21,65.344,9/9/2020 5:50:00 AM,21.806492305,26.4,23,503.5
71.61,65.064,9/9/2020 6:00:00 AM,21.350584744,26.4,23,504
69.93,63.882,9/9/2020 6:10:00 AM,21.414515141,26.35,23,503
67.934,62.414,9/9/2020 6:20:00 AM,21.088650330,26.4,23,504
67.21,62.736,9/9/2020 6:30:00 AM,20.986835998,26.4,23,504
67.774,62.646,9/9/2020 6:40:00 AM,20.905799480,26.4,23,502.5
66.912,60.94,9/9/2020 6:50:00 AM,20.617862155,26.4,23,502
65.832,60.426,9/9/2020 7:00:00 AM,20.409478550,26.4,23.5,502.5
65.134,60.11,9/9/2020 7:10:00 AM,20.274401822,26.4,24,502.5
65.156,59.338,9/9/2020 7:20:00 AM,20.127853205,26.4,24,502.5
64.468,59.044,9/9/2020 7:30:00 AM,19.940774470,26.45,24,503
63.034,59.166,9/9/2020 7:40:00 AM,19.882753705,26.45,24,502.5
63.146,57.912,9/9/2020 7:50:00 AM,19.746409603,26.45,24,502.5
62.872,57.278,9/9/2020 8:00:00 AM,19.620424292,26.5,24,502.5
62.49,57.234,9/9/2020 8:10:00 AM,19.632653559,26.4,24,503
62.774,56.73,9/9/2020 8:20:00 AM,19.526218858,26.4,24,502
62.102,55.992,9/9/2020 8:30:00 AM,19.329191484,26.5,24,502
61.668,55.64,9/9/2020 8:40:00 AM,19.221451298,26.45,24,502
61.632,55.226,9/9/2020 8:50:00 AM,19.323785541,26.5,24,502.5
61.102,55.914,9/9/2020 9:00:00 AM,19.237552071,26.5,24,502
61.254,54.72,9/9/2020 9:10:00 AM,19.220299886,26.5,24,502
61.138,54.8,9/9/2020 9:20:00 AM,19.171621863,26.45,24,502.5
60.278,54.682,9/9/2020 9:30:00 AM,19.146943074,26.45,24,502.5
60.376,53.478,9/9/2020 9:40:00 AM,19.132184296,26.45,24,502.5
60.248,53.858,9/9/2020 9:50:00 AM,19.049507016,26.45,24,502.5
60.872,53.862,9/9/2020 10:00:00 AM,18.930419752,26.5,24,503
58.812,53.266,9/9/2020 10:10:00 AM,18.867614325,26.5,24,502.5
59.756,53.268,9/9/2020 10:20:00 AM,18.955149924,26.45,24,503
58.608,53.77,9/9/2020 10:30:00 AM,18.911533338,26.5,24,502
58.39,53.384,9/9/2020 10:40:00 AM,18.739266086,26.45,24,502
58.774,52.81,9/9/2020 10:50:00 AM,18.871177429,26.4,24,502
58.376,53.734,9/9/2020 11:00:00 AM,18.941021655,26.4,24,503
59.782,54.134,9/9/2020 11:10:00 AM,19.258351674,26.5,24,504
60.902,54.708,9/9/2020 11:20:00 AM,19.298484150,26.5,24,503
60.24,54.268,9/9/2020 11:30:00 AM,19.470885112,26.45,24,502.5
59.69,54.412,9/9/2020 11:40:00 AM,19.759415114,26.4,24,503
61.128,54.742,9/9/2020 11:50:00 AM,19.647245372,26.4,24,502.5
59.402,53.538,9/9/2020 12:00:00 PM,19.313522092,26.35,24,502
58.582,53.208,9/9/2020 12:10:00 PM,19.035316330,26.45,24,502
59.326,54.73,9/9/2020 12:20:00 PM,19.029723870,26.25,24,500.5
59.83,53.69,9/9/2020 12:30:00 PM,19.259053780,26.2,23.5,503.5
60.032,53.724,9/9/2020 12:40:00 PM,19.093357052,25.85,23,506
57.922,52.798,9/9/2020 12:50:00 PM,18.549653440,25.65,23,507
57.212,53.396,9/9/2020 1:00:00 PM,18.286455364,25.55,23.5,509
56.652,51.106,9/9/2020 1:10:00 PM,17.975340457,25.5,24,511
56.466,50.588,9/9/2020 1:20:00 PM,17.931290734,25.35,24,512.5
55.872,51.024,9/9/2020 1:30:00 PM,18.013588067,25.25,24,512
56.118,49.904,9/9/2020 1:40:00 PM,17.759567877,25,24,512
56.554,49.588,9/9/2020 1:50:00 PM,17.686751368,24.85,24,510
56.3,48.94,9/9/2020 2:00:00 PM,17.570829005,24.65,24,511
56.86,48.996,9/9/2020 2:10:00 PM,17.275730283,24.7,24.5,511
55.572,48.718,9/9/2020 2:20:00 PM,17.227000343,24.7,25,510.5
54.655,48.915,9/9/2020 2:30:00 PM,17.149335735,24.7,25,511
55.25,48.11,9/9/2020 2:40:00 PM,16.993491821,24.7,25,513
54.9575,49.125,9/9/2020 2:50:00 PM,16.901586592,24.7,25,514
54.525,48.096666667,9/9/2020 3:00:00 PM,16.864320429,24.65,25,516
54.5925,47.8825,9/9/2020 3:10:00 PM,16.830410616,24.7,25,517
54.143333333,47.511666667,9/9/2020 3:20:00 PM,16.725171364,24.65,26,517.5
53.484,45.948,9/9/2020 3:30:00 PM,16.553145189,24.65,26,519.5
52.258,46.146,9/9/2020 3:40:00 PM,16.258945894,24.6,26,519.5
52.384,45.956,9/9/2020 3:50:00 PM,16.142512570,24.65,26,520.5
52.196,44.782,9/9/2020 4:00:00 PM,15.975999300,24.7,26.5,522
51.188,44.626,9/9/2020 4:10:00 PM,15.977727143,24.7,27,523.5
50.516,44.248,9/9/2020 4:20:00 PM,15.803684809,24.65,27,525
49.758,45.06,9/9/2020 4:30:00 PM,15.746335182,24.6,27.5,528
50.832,45.502,9/9/2020 4:40:00 PM,15.760817415,24.55,28,530
50.498,44.262,9/9/2020 4:50:00 PM,15.704936730,24.6,28,530
49.26,43.092,9/9/2020 5:00:00 PM,15.701742412,24.65,28,530
49.128,43.066,9/9/2020 5:10:00 PM,15.671323269,24.75,28,528.5
49.87,42.468,9/9/2020 5:20:00 PM,15.646124747,24.75,28,528.5
49.676,44.206,9/9/2020 5:30:00 PM,15.780485335,24.8,28,525
49.538,43.66,9/9/2020 5:40:00 PM,15.962039369,24.7,28,526.5
48.828,42.276,9/9/2020 5:50:00 PM,15.990719102,24.65,28.5,530
47.94,42.648,9/9/2020 6:00:00 PM,15.760989617,24.6,29,533.5
48.82,42.8,9/9/2020 6:10:00 PM,15.757805570,24.65,30,533.5
49.014,42.692,9/9/2020 6:20:00 PM,15.630904916,24.65,30,533
47.962,42.956,9/9/2020 6:30:00 PM,15.630359707,24.65,31,535
47.938,41.844,9/9/2020 6:40:00 PM,15.508610520,24.6,31.5,537
47.002,42.042,9/9/2020 6:50:00 PM,15.238546127,24.65,32,537.5
46.64,41.798,9/9/2020 7:00:00 PM,15.155111493,24.65,32,536
46.644,42.04,9/9/2020 7:10:00 PM,15.317941119,24.65,32,536
47.426,42.806,9/9/2020 7:20:00 PM,15.511160549,24.65,32,536
46.624,41.482,9/9/2020 7:30:00 PM,15.466064165,24.65,32.5,535
38.296,33.346,9/9/2020 7:40:00 PM,13.078206488,24.65,32,536
30.14,27.412,9/9/2020 7:50:00 PM,10.706002769,24.6,32,539
25.386,22.386,9/9/2020 8:00:00 PM,9.040035963,24.6,32,542
22.218,20.25,9/9/2020 8:10:00 PM,7.845057983,24.6,32,543.5
19.934,17.458,9/9/2020 8:20:00 PM,6.948435462,24.55,32,547.5
17.486,15.72,9/9/2020 8:30:00 PM,6.391678464,24.6,32,551
16.704,14.6,9/9/2020 8:40:00 PM,5.900429116,24.65,32,549
15.138,13.678,9/9/2020 8:50:00 PM,5.539070579,24.65,32,547.5
14.022,12.858,9/9/2020 9:00:00 PM,5.240488129,24.65,32,548
13.49,11.776,9/9/2020 9:10:00 PM,4.976955233,24.65,32,548.5
12.532,11.628,9/9/2020 9:20:00 PM,4.531480882,24.7,32,549
10.77,10.246,9/9/2020 9:30:00 PM,4.273614457,24.7,32,550.5
9.988,9.878,9/9/2020 9:40:00 PM,3.995806008,24.7,32,552.5
9.892,8.476,9/9/2020 9:50:00 PM,3.799569623,24.8,31.5,553.5
9.006,8.334,9/9/2020 10:00:00 PM,3.587396455,24.75,32,552.5
9.114,8.41,9/9/2020 10:10:00 PM,3.516052752,24.6,32,549.5
8.56,7.972,9/9/2020 10:20:00 PM,3.341580764,24.7,32,549
8.316,8.09,9/9/2020 10:30:00 PM,3.243564665,24.8,32,547
8.652,7.992,9/9/2020 10:40:00 PM,3.283255360,24.95,31,544.5
8.46,7.71,9/9/2020 10:50:00 PM,3.204377508,25.2,31,542
8.018,7.23,9/9/2020 11:00:00 PM,3.110119521,25.45,30,538.5
7.576,7.528,9/9/2020 11:10:00 PM,3.135496220,25.65,30,535.5
7.534,7.834,9/9/2020 11:20:00 PM,3.061945799,25.8,30,532
7.574,7.85,9/9/2020 11:30:00 PM,3.012829351,25.85,30,530.5
7.488,7.18,9/9/2020 11:40:00 PM,2.976370882,25.85,30,529
6.48,6.906,9/9/2020 11:50:00 PM,2.774729470,25.9,30,527.5
6.712,7.09,9/10/2020 12:00:00 AM,2.658551868,25.8,30,525.5
6.582,6.52,9/10/2020 12:10:00 AM,2.635091765,25.85,30,524.5
6.17,6.038,9/10/2020 12:20:00 AM,2.504959597,25.9,30,523.5
5.772,5.592,9/10/2020 12:30:00 AM,2.350811744,25.65,30,522
5.706,5.168,9/10/2020 12:40:00 AM,2.274666546,25.4,31,522
5.526,5.266,9/10/2020 12:50:00 AM,2.249951655,25.35,31,521.5
5.266,5.184,9/10/2020 1:00:00 AM,2.175745325,25.15,31,522
4.736,4.946,9/10/2020 1:10:00 AM,2.097241318,25.1,31,521.5
5.204,4.454,9/10/2020 1:20:00 AM,2.129156405,25.15,31,519.5
5.348,5.872,9/10/2020 1:30:00 AM,2.327819355,25.3,30.5,519.5
6.692,5.926,9/10/2020 1:40:00 AM,2.853410484,25.6,30,517
7.252,6.73,9/10/2020 1:50:00 AM,3.122002859,25.7,30,516
7.93,7.494,9/10/2020 2:00:00 AM,3.381421288,25.9,30,513.5
8.68,8.35,9/10/2020 2:10:00 AM,3.628538879,26.05,29.5,511
9.666,9.454,9/10/2020 2:20:00 AM,3.928268953,26.2,29,510
10.59,10.614,9/10/2020 2:30:00 AM,4.404457833,26.3,29,508
11.816,10.914,9/10/2020 2:40:00 AM,4.703698759,26.25,29,507
12.872,11.552,9/10/2020 2:50:00 AM,5.125290449,26.1,29.5,510
12.75,12.372,9/10/2020 3:00:00 AM,5.151814618,26.3,29,508
13.05,13.364,9/10/2020 3:10:00 AM,5.270887593,26.3,29,506.5
14,13.56,9/10/2020 3:20:00 AM,5.635323495,26.4,29,506
15.092,13.762,9/10/2020 3:30:00 AM,5.901368689,26.5,29,504
15.278,15.312,9/10/2020 3:40:00 AM,6.264453543,26.45,29,503
16.964,15.908,9/10/2020 3:50:00 AM,6.407371196,26.4,30,502.5
17.344,15.872,9/10/2020 4:00:00 AM,6.760785660,26.5,30,501.5
17.292,17.42,9/10/2020 4:10:00 AM,6.996032551,26.5,30,502
18.336,17.546,9/10/2020 4:20:00 AM,7.092968961,26.55,30,502.5
18.74,18.732,9/10/2020 4:30:00 AM,7.334445863,26.6,30,503
20.23,19.098,9/10/2020 4:40:00 AM,7.613588249,26.6,30,503
19.48,19.168,9/10/2020 4:50:00 AM,7.774543281,26.6,30,503.5
20.568,19.43,9/10/2020 5:00:00 AM,7.881410151,26.6,30,503
21.484,20.01,9/10/2020 5:10:00 AM,8.042778971,26.55,30,504.5
21.434,20.372,9/10/2020 5:20:00 AM,8.110129103,26.6,30,503.5
21.406,19.994,9/10/2020 5:30:00 AM,8.063831729,26.6,30,503
21.156,20.17,9/10/2020 5:40:00 AM,8.160105697,26.6,30,504.5
21.756,21.686,9/10/2020 5:50:00 AM,8.376209663,26.6,30,505
22.142,21.78,9/10/2020 6:00:00 AM,8.585218463,26.6,30,505
22.66,22.41,9/10/2020 6:10:00 AM,8.851941304,26.6,30,507.5
23.936,22.786,9/10/2020 6:20:00 AM,9.309187556,26.6,31,509
24.732,22.742,9/10/2020 6:30:00 AM,9.690153961,26.6,31,509.5
24.33,22.808,9/10/2020 6:40:00 AM,9.640612054,26.7,31,503.5
25.124,23.356,9/10/2020 6:50:00 AM,9.569915844,26.7,31,501.5
24.824,22.692,9/10/2020 7:00:00 AM,9.556656213,26.8,31,503.5
23.672,23.012,9/10/2020 7:10:00 AM,9.505166108,26.8,31,507
23.466,22.778,9/10/2020 7:20:00 AM,9.410557742,26.75,31,507.5
24.562,21.958,9/10/2020 7:30:00 AM,9.342147779,26.8,31,508.5
23.268,21.928,9/10/2020 7:40:00 AM,9.248620093,26.7,31,509
23.414,22.26,9/10/2020 7:50:00 AM,9.168841797,26.75,31,509
23.292,21.444,9/10/2020 8:00:00 AM,9.012720345,26.75,31,510
23.844,20.97,9/10/2020 8:10:00 AM,9.072553769,26.75,31,510.5
23.718,22.232,9/10/2020 8:20:00 AM,9.154462560,26.7,31,510
23.134,22.216,9/10/2020 8:30:00 AM,9.279358877,26.7,31,509.5
23.504,21.642,9/10/2020 8:40:00 AM,9.269934065,26.7,31,508.5
22.982,21.27,9/10/2020 8:50:00 AM,9.268227274,26.7,31,509.5
22.944,21.254,9/10/2020 9:00:00 AM,9.106233564,26.7,31.5,511
22.414,20.868,9/10/2020 9:10:00 AM,9.015421906,26.7,31,511.5
22.78,21.478,9/10/2020 9:20:00 AM,9.148806081,26.6,32,510
23.844,21.412,9/10/2020 9:30:00 AM,9.232624960,26.65,32,510
23.774,21.74,9/10/2020 9:40:00 AM,9.568530016,26.65,31.5,509
24.82,22.262,9/10/2020 9:50:00 AM,9.821947943,26.65,32,509
25.084,23.016,9/10/2020 10:00:00 AM,10.309600169,26.7,31,508.5
25.714,23.624,9/10/2020 10:10:00 AM,10.573049696,26.7,31,508
26.52,23.754,9/10/2020 10:20:00 AM,10.947758072,26.75,31,508.5
27.246,24.984,9/10/2020 10:30:00 AM,11.480863976,26.7,31,508
26.784,24.978,9/10/2020 10:40:00 AM,11.816089199,26.7,31,507
28.496,25.628,9/10/2020 10:50:00 AM,12.005555423,26.7,31,508
30.19,25.752,9/10/2020 11:00:00 AM,12.385871233,26.8,31,506.5
29.868,27.766,9/10/2020 11:10:00 AM,12.632781663,26.8,31,506.5
31.482,27.856,9/10/2020 11:20:00 AM,13.054634643,26.75,31,505.5
32,27.978,9/10/2020 11:30:00 AM,13.395353347,26.75,31,504.5
32.522,28.092,9/10/2020 11:40:00 AM,13.625360572,26.7,31,505
31.914,28.932,9/10/2020 11:50:00 AM,13.768486658,26.75,31,505.5
31.562,29.034,9/10/2020 12:00:00 PM,13.556476208,26.55,31.5,505
32.006,28.24,9/10/2020 12:10:00 PM,13.610422753,26.6,32,507.5
33.382,29.782,9/10/2020 12:20:00 PM,14.086923850,26.1,32.5,510.5
36.898,32.344,9/10/2020 12:30:00 PM,15.407650537,25.85,33,510.5
39.184,33.792,9/10/2020 12:40:00 PM,15.953694779,25.7,33,512
33.684,28.696,9/10/2020 12:50:00 PM,14.260344650,25.7,34,525.5
29.528,25.602,9/10/2020 1:00:00 PM,12.493291728,25.65,35,535.5
30.264,26.046,9/10/2020 1:10:00 PM,12.315670424,25.95,35,539.5
32.366,28.428,9/10/2020 1:20:00 PM,13.494753672,26,34,535.5
30.774,26.99,9/10/2020 1:30:00 PM,13.096645959,25.6,35,542.5
31.34,27.032,9/10/2020 1:40:00 PM,12.995913859,25.45,36,546.5
30.156,26.378,9/10/2020 1:50:00 PM,13.005069855,25.3,36.5,549
30.136,26.916,9/10/2020 2:00:00 PM,12.995843178,25.1,37,553.5
32.302,27.82,9/10/2020 2:10:00 PM,13.690876586,25.25,36.5,560.5
34.456,29.264,9/10/2020 2:20:00 PM,14.755058785,25.05,36.5,566.5
35.296,31.248,9/10/2020 2:30:00 PM,15.777649634,25.05,36,570.5
35.204,29.296,9/10/2020 2:40:00 PM,15.561549253,25,37,571
33.216,29.07,9/10/2020 2:50:00 PM,14.767370123,25,37,566
36.98,31.422,9/10/2020 3:00:00 PM,15.744657732,24.9,36.5,557.5
39.406,33.802,9/10/2020 3:10:00 PM,16.378828623,24.8,36,551
41.294,35.78,9/10/2020 3:20:00 PM,17.321923264,24.75,36,547
42.654,35.908,9/10/2020 3:30:00 PM,17.963888985,24.7,36,543.5
42.6,36.746,9/10/2020 3:40:00 PM,18.102478603,24.6,36,544
43.468,36.914,9/10/2020 3:50:00 PM,18.366009439,24.6,36,547.5
43.098,37.826,9/10/2020 4:00:00 PM,18.312903793,24.7,36,550.5
43.806,36.694,9/10/2020 4:10:00 PM,18.139160047,24.65,36,551
39.714,34.138,9/10/2020 4:20:00 PM,17.019949123,24.7,36.5,551
36.184,31.144,9/10/2020 4:30:00 PM,15.375604894,24.7,38,554.5
33.088,29.298,9/10/2020 4:40:00 PM,14.233473229,24.7,38.5,555.5
32.114,28.144,9/10/2020 4:50:00 PM,13.517484516,24.7,39,557
30.032,27.214,9/10/2020 5:00:00 PM,12.846056564,24.7,39.5,557
30.204,26.55,9/10/2020 5:10:00 PM,12.374722595,24.7,40,557.5
30.082,25.99,9/10/2020 5:20:00 PM,12.213380192,24.7,41,557
29.392,26.072,9/10/2020 5:30:00 PM,12.113073320,24.75,41,555.5
29.816,26.844,9/10/2020 5:40:00 PM,12.279161894,24.7,41,553
31.018,27.278,9/10/2020 5:50:00 PM,12.569627205,24.7,41,553
31.696,27.95,9/10/2020 6:00:00 PM,12.841723521,24.7,41,552
31.8,28.06,9/10/2020 6:10:00 PM,13.048388691,24.65,41,551
33.578,29.376,9/10/2020 6:20:00 PM,13.310429381,24.6,41,550
29.614,26.814,9/10/2020 6:30:00 PM,12.531018435,24.55,41,548
22.796,20.116,9/10/2020 6:40:00 PM,10.046070935,24.6,41,551
17.742,16.074,9/10/2020 6:50:00 PM,7.944354067,24.6,41,552.5
14.322,12.862,9/10/2020 7:00:00 PM,6.541862874,24.6,40,553
11.84,10.504,9/10/2020 7:10:00 PM,5.261670069,24.6,40,553
9.052,8.308,9/10/2020 7:20:00 PM,4.308386653,24.6,40,554.5
8.108,7.758,9/10/2020 7:30:00 PM,3.683302501,24.55,40,556
7.076,6.848,9/10/2020 7:40:00 PM,3.291513099,24.5,40,559
6.904,5.954,9/10/2020 7:50:00 PM,3.135596368,24.5,40,560
6.896,6.598,9/10/2020 8:00:00 PM,3.040327670,24.5,40,561.5
6.2,5.736,9/10/2020 8:10:00 PM,3.075846287,24.5,40,562.5
6.628,6.196,9/10/2020 8:20:00 PM,3.193100323,24.5,40,564
6.698,6.216,9/10/2020 8:30:00 PM,3.294160937,24.6,39.5,564.5
6.944,6.28,9/10/2020 8:40:00 PM,3.329764218,24.55,39,565.5
6.87,6.268,9/10/2020 8:50:00 PM,3.251334553,24.5,39,565.5
7.222,6.662,9/10/2020 9:00:00 PM,3.371557390,24.5,39,566
7.062,6.734,9/10/2020 9:10:00 PM,3.419161470,24.55,39,565
7.076,6.624,9/10/2020 9:20:00 PM,3.410879146,24.55,39,564
7.062,6.952,9/10/2020 9:30:00 PM,3.521442779,24.6,38.5,565
7.816,7.454,9/10/2020 9:40:00 PM,3.735360189,24.5,38,564.5
8.4,7.95,9/10/2020 9:50:00 PM,4.052427850,24.6,38,565
9.52,8.628,9/10/2020 10:00:00 PM,4.366316625,24.55,38,562.5
9.964,8.444,9/10/2020 10:10:00 PM,4.577448115,24.55,38,561.5
10.246,9.456,9/10/2020 10:20:00 PM,4.571896717,24.6,38,562.5
9.286,8.97,9/10/2020 10:30:00 PM,4.301741532,24.9,37,562.5
9.258,8.706,9/10/2020 10:40:00 PM,4.181282677,25.2,36.5,560
9.032,7.948,9/10/2020 10:50:00 PM,4.054157726,25.55,36,558.5
8.87,8.14,9/10/2020 11:00:00 PM,4.026888255,25.65,36,558
8.464,8.004,9/10/2020 11:10:00 PM,3.978640673,25.7,35.5,558
8.91,8.398,9/10/2020 11:20:00 PM,4.017051256,25.8,35,556.5
8.432,8.322,9/10/2020 11:30:00 PM,3.969172232,25.8,35,556.5
8.462,7.848,9/10/2020 11:40:00 PM,3.808993418,25.8,35,553.5
8.336,7.984,9/10/2020 11:50:00 PM,3.803262648,25.85,35,552.5
8.512,7.932,9/11/2020 12:00:00 AM,3.752094497,25.85,35,551.5
8.938,8.31,9/11/2020 12:10:00 AM,3.943920471,25.8,35,550.5
9.61,9.108,9/11/2020 12:20:00 AM,4.210703822,25.7,35,548
9.628,9.692,9/11/2020 12:30:00 AM,4.289427753,25.45,36,547.5
9.852,8.852,9/11/2020 12:40:00 AM,4.126380694,25.1,36,546.5
8.83,8.406,9/11/2020 12:50:00 AM,3.786559892,25.1,36,544.5
8.392,7.824,9/11/2020 1:00:00 AM,3.671139211,25.05,36,543
7.838,8.198,9/11/2020 1:10:00 AM,3.505602685,25.05,36,540.5
7.954,7.762,9/11/2020 1:20:00 AM,3.460512352,25.35,36,539
8.458,7.966,9/11/2020 1:30:00 AM,3.685218512,25.6,35.5,537.5
9.624,9.332,9/11/2020 1:40:00 AM,4.485295046,25.7,35,533
10.656,10.668,9/11/2020 1:50:00 AM,4.684177540,25.75,35,530.5
12.618,11.194,9/11/2020 2:00:00 AM,5.209445417,25.9,35,527
13.958,13.246,9/11/2020 2:10:00 AM,5.941789482,26.1,35,523.5
14.996,14.322,9/11/2020 2:20:00 AM,6.527740352,26.1,35,520.5
17.616,16.808,9/11/2020 2:30:00 AM,7.335650565,26.2,35,517.5
18.714,18.236,9/11/2020 2:40:00 AM,8.047209391,26.2,35,515.5
22.394,19.79,9/11/2020 2:50:00 AM,8.622232362,26.25,35,514
24.188,22.854,9/11/2020 3:00:00 AM,9.604137898,26.35,35,513.5
26.572,24.042,9/11/2020 3:10:00 AM,10.365865352,26.35,35,509.5
28.2,26.154,9/11/2020 3:20:00 AM,11.583804905,26.4,35,508
31.098,28.618,9/11/2020 3:30:00 AM,12.511781922,26.4,35,507.5
33.736,29.662,9/11/2020 3:40:00 AM,13.362293840,26.45,35,506
35.548,32.754,9/11/2020 3:50:00 AM,14.120745591,26.5,35,504.5
37.276,33.202,9/11/2020 4:00:00 AM,14.742580635,26.4,35,503
38.484,34.34,9/11/2020 4:10:00 AM,15.114227639,26.4,35,502.5
38.952,35.84,9/11/2020 4:20:00 AM,15.541507334,26.4,35,503
39.698,36.426,9/11/2020 4:30:00 AM,16.089814508,26.5,35,502.5
41.56,36.904,9/11/2020 4:40:00 AM,16.649555586,26.6,35,502
43.46,39.36,9/11/2020 4:50:00 AM,17.053126016,26.5,35,502.5
44.122,40.074,9/11/2020 5:00:00 AM,17.452722553,26.55,35,501
45.814,40.594,9/11/2020 5:10:00 AM,18.019413748,26.55,35,501.5
46.52,42.514,9/11/2020 5:20:00 AM,18.431630356,26.5,35,502
48.32,43.538,9/11/2020 5:30:00 AM,18.649924081,26.55,35,502.5
49.092,44.734,9/11/2020 5:40:00 AM,19.145283548,26.6,35,501
50.388,45.308,9/11/2020 5:50:00 AM,19.678192766,26.55,35,502.5
52.298,46.36,9/11/2020 6:00:00 AM,19.856839248,26.6,35,503
51.862,47.814,9/11/2020 6:10:00 AM,20.644607571,26.6,35,503.5
54.504,48.312,9/11/2020 6:20:00 AM,20.887940888,26.65,35,503
55.838,49.528,9/11/2020 6:30:00 AM,21.442417080,26.6,35,502.5
57.088,49.346,9/11/2020 6:40:00 AM,21.827763487,26.65,35,502.5
57.564,51.806,9/11/2020 6:50:00 AM,22.085638708,26.65,35,502.5
59.432,53.444,9/11/2020 7:00:00 AM,22.837442694,26.6,35,504
60.648,54.364,9/11/2020 7:10:00 AM,23.211302441,26.6,35,504
62.934,55.92,9/11/2020 7:20:00 AM,23.821015129,26.65,35,504
64.624,57.064,9/11/2020 7:30:00 AM,24.220908196,26.65,35,504
64.954,58.21,9/11/2020 7:40:00 AM,24.771011707,26.65,35,503.5
67.096,59.722,9/11/2020 7:50:00 AM,25.280280230,26.7,35,502
67.978,59.62,9/11/2020 8:00:00 AM,25.676518129,26.65,35,502
68.084,61.204,9/11/2020 8:10:00 AM,25.980854714,26.65,35,501
69.236,61.228,9/11/2020 8:20:00 AM,26.328206945,26.65,35,501
69.762,62.286,9/11/2020 8:30:00 AM,26.736682882,26.65,35,500.5
70.33,62.196,9/11/2020 8:40:00 AM,26.933558217,26.7,35,500
71.568,63.046,9/11/2020 8:50:00 AM,27.394591794,26.7,35,499.5
72.724,63.59,9/11/2020 9:00:00 AM,27.895920465,26.7,35,499.5
73.966,64.478,9/11/2020 9:10:00 AM,28.427517866,26.7,35,500
76.486,65.174,9/11/2020 9:20:00 AM,29.485942573,26.65,36,499
76.492,67.266,9/11/2020 9:30:00 AM,30.849855507,26.65,36,500
79.076,68.494,9/11/2020 9:40:00 AM,32.404172864,26.6,36,499.5
79.772,70.222,9/11/2020 9:50:00 AM,34.356271607,26.65,36,498
82.316,72.368,9/11/2020 10:00:00 AM,36.383756160,26.7,36,497
83.938,73.598,9/11/2020 10:10:00 AM,37.841380371,26.7,36,497.5
87.348,74.934,9/11/2020 10:20:00 AM,39.676347957,26.7,36,495.5
88.404,76.95,9/11/2020 10:30:00 AM,41.214915682,26.7,36,495
90.048,78.096,9/11/2020 10:40:00 AM,42.519689084,26.7,36,494.5
92.032,78.748,9/11/2020 10:50:00 AM,43.844433573,26.6,36,495
88.846,79.402,9/11/2020 11:00:00 AM,44.571569067,26.6,36,494.5
92.942,79.17,9/11/2020 11:10:00 AM,45.114038077,26.7,36,494
92.428,81.248,9/11/2020 11:20:00 AM,45.919955954,26.7,36,492.5
93.512,79.844,9/11/2020 11:30:00 AM,46.634853969,26.6,36,492.5
92.956,81.13,9/11/2020 11:40:00 AM,47.276161087,26.65,36,491.5
95.172,81.476,9/11/2020 11:50:00 AM,47.753792289,26.6,36,490.5
92.252,79.952,9/11/2020 12:00:00 PM,47.600981296,26.5,37,491
88.598,78.704,9/11/2020 12:10:00 PM,47.787117154,26.4,37,488.5
89.91,77.608,9/11/2020 12:20:00 PM,47.700983451,26.15,38,489.5
90.864,78.324,9/11/2020 12:30:00 PM,48.609322905,26.1,38,490.5
90.786,78.898,9/11/2020 12:40:00 PM,49.676052107,25.85,39,492.5
90.332,77.518,9/11/2020 12:50:00 PM,49.362261014,25.6,39,494.5
88.462,76.496,9/11/2020 1:00:00 PM,49.755879346,25.3,40,494.5
88.258,77.266,9/11/2020 1:10:00 PM,49.248338640,25.25,40,493.5
88.172,75.52,9/11/2020 1:20:00 PM,49.171271261,25.15,40,493
89.144,75.202,9/11/2020 1:30:00 PM,49.401172287,25.1,41,492.5
89.796,75.996,9/11/2020 1:40:00 PM,49.452610475,25,41,494
86.752,72.192,9/11/2020 1:50:00 PM,47.851120063,25,41,494
85.494,72.784,9/11/2020 2:00:00 PM,47.611824582,25.1,40.5,494.5
85.526,73.626,9/11/2020 2:10:00 PM,48.140911490,25.2,40.5,495
85.238,71.484,9/11/2020 2:20:00 PM,48.198166892,25.2,40,495
85.886,71.352,9/11/2020 2:30:00 PM,48.482739959,25,41,494.5
86.588,72.618,9/11/2020 2:40:00 PM,49.501725117,24.8,41,499
90.396,74.98,9/11/2020 2:50:00 PM,52.641044486,24.8,41,500.5
94.392,78.382,9/11/2020 3:00:00 PM,55.669325541,24.85,41,499.5
95.424,79.202,9/11/2020 3:10:00 PM,57.499081734,24.7,41,501.5
96.496,81.606,9/11/2020 3:20:00 PM,59.670990867,24.75,41,501.5
99.572,83.73,9/11/2020 3:30:00 PM,62.220681417,24.7,41,501
102.694,85.352,9/11/2020 3:40:00 PM,64.329161555,24.7,41,498
103.436,86.912,9/11/2020 3:50:00 PM,65.207189742,24.8,41,499
106.842,88.266,9/11/2020 4:00:00 PM,67.316231259,24.7,41,498
107.826,88.786,9/11/2020 4:10:00 PM,67.923579773,24.65,41.5,500
108.846,90.04,9/11/2020 4:20:00 PM,69.572524259,24.6,42,500
107.894,89.73,9/11/2020 4:30:00 PM,68.642591645,24.6,42,501
108.594,90.25,9/11/2020 4:40:00 PM,70.374106373,24.45,42,502
109.772,90.814,9/11/2020 4:50:00 PM,71.001904849,24.4,42,504
110.638,93.086,9/11/2020 5:00:00 PM,72.803751221,24.4,42,504.5
114.132,95.814,9/11/2020 5:10:00 PM,74.641477242,24.4,42,505.5
117.092,97.894,9/11/2020 5:20:00 PM,76.837066758,24.35,42,509.5
120.034,100.568,9/11/2020 5:30:00 PM,77.988206727,24.4,42,511
122.776,102.544,9/11/2020 5:40:00 PM,80.252322957,24.4,42,512
127.544,103.134,9/11/2020 5:50:00 PM,82.796341469,24.3,42,511
126.066,106.206,9/11/2020 6:00:00 PM,84.545668083,24.4,42,510.5
128.958,106.634,9/11/2020 6:10:00 PM,85.503355732,24.4,42,511.5
132.426,110.286,9/11/2020 6:20:00 PM,86.773665240,24.3,42,511.5
134.514,112.842,9/11/2020 6:30:00 PM,88.381512685,24.4,42,511.5
138.87,114.714,9/11/2020 6:40:00 PM,90.439669155,24.4,42,511.5
140.002,116.796,9/11/2020 6:50:00 PM,92.124282848,24.35,42,511.5
143.694,121.224,9/11/2020 7:00:00 PM,94.110593603,24.4,42,511.5
151.824,126.322,9/11/2020 7:10:00 PM,97.768055937,24.4,42,512
158.186,130.89,9/11/2020 7:20:00 PM,101.657091434,24.4,42,512.5
165.746,138.852,9/11/2020 7:30:00 PM,106.105601735,24.35,42,512
175.528,145.734,9/11/2020 7:40:00 PM,110.955049730,24.3,41.5,511.5
184.446,153.836,9/11/2020 7:50:00 PM,116.368274809,24.4,41,511
187.538,156.388,9/11/2020 8:00:00 PM,119.781132536,24.4,41,512.5
188.97,158.256,9/11/2020 8:10:00 PM,119.545129945,24.35,41,511.5
188.482,157.938,9/11/2020 8:20:00 PM,119.363006498,24.5,40,510.5
185.472,156.748,9/11/2020 8:30:00 PM,118.378100151,24.35,40,509
185.448,154.682,9/11/2020 8:40:00 PM,117.656240858,24.3,40,506.5
184.022,155.326,9/11/2020 8:50:00 PM,116.645868318,24.35,40,507
184.262,156.36,9/11/2020 9:00:00 PM,117.545647936,24.4,39.5,506
184.852,156.758,9/11/2020 9:10:00 PM,117.958273450,24.4,39,503
187.3,156.66,9/11/2020 9:20:00 PM,119.284484720,24.4,39,503
190.882,161.056,9/11/2020 9:30:00 PM,122.450143979,24.4,39,501
192.012,160.416,9/11/2020 9:40:00 PM,122.781530671,24.45,39,500
189.15,160.024,9/11/2020 9:50:00 PM,122.677999099,24.45,39,499
187.556,159.932,9/11/2020 10:00:00 PM,121.541900860,24.5,39,497.5
186.584,157.974,9/11/2020 10:10:00 PM,120.900857168,24.55,39,497
183.188,155.23,9/11/2020 10:20:00 PM,119.715392606,24.6,39,497
179.808,154.258,9/11/2020 10:30:00 PM,118.109541032,24.6,39,497
178.722,154.046,9/11/2020 10:40:00 PM,116.272436342,24.65,39,496
176.626,149.638,9/11/2020 10:50:00 PM,116.309838273,24.6,39,496.5
177.438,147.814,9/11/2020 11:00:00 PM,115.892127625,24.6,39,497.5
173.398,146.962,9/11/2020 11:10:00 PM,114.952431489,24.6,39.5,495
170.322,143.592,9/11/2020 11:20:00 PM,112.843749022,24.65,40,492.5
167.056,142.182,9/11/2020 11:30:00 PM,111.781249612,24.65,40,492
167.028,141.522,9/11/2020 11:40:00 PM,110.488424761,24.75,40,491
164.162,141.194,9/11/2020 11:50:00 PM,109.210185774,24.75,40,490
162.336,138.932,9/12/2020 12:00:00 AM,108.509607324,24.9,40,488
161.312,136.8,9/12/2020 12:10:00 AM,107.857249098,24.9,39.5,487
160.038,133.154,9/12/2020 12:20:00 AM,105.904099269,24.75,40,488
156.608,132.52,9/12/2020 12:30:00 AM,105.172539279,24.65,40.5,489.5
155.2,132.306,9/12/2020 12:40:00 AM,105.149634251,24.65,41,489
153.604,131.076,9/12/2020 12:50:00 AM,104.595555652,24.65,41,490
153.732,130.492,9/12/2020 1:00:00 AM,104.044108670,24.7,40,487.5
153.684,130.594,9/12/2020 1:10:00 AM,104.269851474,24.7,41,487
150.782,131.002,9/12/2020 1:20:00 AM,103.748304792,24.7,40.5,488.5
147.864,129.634,9/12/2020 1:30:00 AM,103.028749949,24.85,40,488
139.55,123.11,9/12/2020 1:40:00 AM,97.001687165,25.5,39,487.5
130.098,113.624,9/12/2020 1:50:00 AM,91.051679506,25.6,39,484.5
119.054,105.2,9/12/2020 2:00:00 AM,83.145574193,25.7,38,483.5
115.84,100.516,9/12/2020 2:10:00 AM,81.823521247,25.85,38,482
116.54,101.794,9/12/2020 2:20:00 AM,81.431955100,25.85,38,480
118.076,102.088,9/12/2020 2:30:00 AM,83.696617633,25.95,38,478.5
118.12,103.07,9/12/2020 2:40:00 AM,84.553426530,26.05,38,477.5
122.652,106.142,9/12/2020 2:50:00 AM,85.448429240,26.1,38,477
122.028,106.188,9/12/2020 3:00:00 AM,86.565809224,26.1,38,476
123.038,107.094,9/12/2020 3:10:00 AM,88.081507642,26.15,38,477
124.67,109.608,9/12/2020 3:20:00 AM,88.500381652,26.2,37,477
127.69,110.78,9/12/2020 3:30:00 AM,89.290861426,26.2,37.5,476
130.374,113.238,9/12/2020 3:40:00 AM,90.416696674,26.2,37.5,476
131.864,114.662,9/12/2020 3:50:00 AM,92.991910599,26.2,37.5,476
133.61,116.624,9/12/2020 4:00:00 AM,93.965137286,26.25,37.5,476
137.032,119.63,9/12/2020 4:10:00 AM,95.700453171,26.2,37,476.5
140.296,121.106,9/12/2020 4:20:00 AM,97.247738314,26.3,37,474.5
143.324,123.546,9/12/2020 4:30:00 AM,99.035098488,26.3,37.5,474
142.97,124.308,9/12/2020 4:40:00 AM,101.350370132,26.3,37,474.5
147.354,126.794,9/12/2020 4:50:00 AM,102.943094411,26.25,37.5,473.5
149.566,130.048,9/12/2020 5:00:00 AM,104.957618506,26.3,37,474
151.48,131.166,9/12/2020 5:10:00 AM,107.715535257,26.3,37.5,473.5
155.718,133.888,9/12/2020 5:20:00 AM,112.182810061,26.3,37,472.5
159.604,138.386,9/12/2020 5:30:00 AM,115.276014834,26.3,37,472
164,140.068,9/12/2020 5:40:00 AM,117.924206105,26.3,38,471.5
164.014,143.172,9/12/2020 5:50:00 AM,120.823503633,26.2,38,472
167.142,143.736,9/12/2020 6:00:00 AM,123.613281417,26.25,38,470.5
170.5,146.66,9/12/2020 6:10:00 AM,124.728224005,26.25,38,471.5
175.222,147.536,9/12/2020 6:20:00 AM,125.897407786,26.25,38,471
176.634,153.544,9/12/2020 6:30:00 AM,129.707272638,26.3,38,471
177.834,152.68,9/12/2020 6:40:00 AM,131.634479915,26.25,38,472
181.09,155.272,9/12/2020 6:50:00 AM,134.992500441,26.25,38,472
183.172,156.464,9/12/2020 7:00:00 AM,134.505077598,26.25,38,471
183.94,157.974,9/12/2020 7:10:00 AM,137.460225478,26.35,37,470
186.64,161.082,9/12/2020 7:20:00 AM,137.681225214,26.3,37.5,470.5
187.654,160.526,9/12/2020 7:30:00 AM,139.784766207,26.25,38,469
189.728,161.868,9/12/2020 7:40:00 AM,138.879675963,26.25,38,469
191.04,162.776,9/12/2020 7:50:00 AM,140.634960137,26.3,38,470.5
190.906,163.248,9/12/2020 8:00:00 AM,140.855135576,26.3,37.5,470
192.778,163.882,9/12/2020 8:10:00 AM,140.880799879,26.3,37.5,470.5
193.22,165.278,9/12/2020 8:20:00 AM,141.055343895,26.3,37,470
193.256,164.892,9/12/2020 8:30:00 AM,141.340080673,26.3,37.5,469
194.504,165.108,9/12/2020 8:40:00 AM,140.685139824,26.3,37.5,469.5
193.476,165.844,9/12/2020 8:50:00 AM,140.875871668,26.3,37.5,469
191.16,166.506,9/12/2020 9:00:00 AM,141.541216895,26.3,37,469
191.822,164.354,9/12/2020 9:10:00 AM,140.233370399,26.3,37,468.5
191.35,164.194,9/12/2020 9:20:00 AM,141.057887390,26.3,38,469
192.144,163.708,9/12/2020 9:30:00 AM,139.581170341,26.3,38,469
191.486,164.152,9/12/2020 9:40:00 AM,139.492488898,26.3,37.5,468.5
191.252,162.46,9/12/2020 9:50:00 AM,138.696879726,26.3,38,470.5
190.248,161.886,9/12/2020 10:00:00 AM,136.918186502,26.25,38,470.5
189.95,161.074,9/12/2020 10:10:00 AM,136.895606275,26.2,38,471
188.98,159.964,9/12/2020 10:20:00 AM,136.951510350,26.2,38,471
188.344,158.678,9/12/2020 10:30:00 AM,136.343458536,26.3,38,471.5
186.63,158.852,9/12/2020 10:40:00 AM,135.997691310,26.3,38,471
183.5,156.266,9/12/2020 10:50:00 AM,134.191516751,26.3,38,471
182.65,154.144,9/12/2020 11:00:00 AM,133.802136677,26.25,38,472
183.192,153.784,9/12/2020 11:10:00 AM,132.571219378,26.2,38,471.5
181.632,153.368,9/12/2020 11:20:00 AM,130.835863322,26.2,38,471.5
179.164,151.024,9/12/2020 11:30:00 AM,129.770259090,26.15,38,472
178.94,148.678,9/12/2020 11:40:00 AM,129.336419116,26.2,38,470.5
176.018,147.712,9/12/2020 11:50:00 AM,128.190911955,26.1,38,472
174.556,146.938,9/12/2020 12:00:00 PM,128.850709394,26.1,38,471.5
173.086,146.606,9/12/2020 12:10:00 PM,127.979045181,26.15,38,473.5
171.878,144.916,9/12/2020 12:20:00 PM,126.446904763,26.05,38,473
169.692,141.504,9/12/2020 12:30:00 PM,126.879724873,26.1,38,473
169.29,142.314,9/12/2020 12:40:00 PM,125.612932527,26.1,38,473.5
167.77,139.776,9/12/2020 12:50:00 PM,125.571610451,26.1,38,474.5
164.242,139.944,9/12/2020 1:00:00 PM,123.962024562,26.1,38,474
163.876,137.918,9/12/2020 1:10:00 PM,124.054187547,26.15,38,473.5
162.912,137.154,9/12/2020 1:20:00 PM,123.610940406,26.05,38,474
162.17,134.446,9/12/2020 1:30:00 PM,123.539379905,26.2,38,474.5
160.674,134.784,9/12/2020 1:40:00 PM,121.911427869,26.15,38,474.5
158.962,132.846,9/12/2020 1:50:00 PM,123.055994212,26.2,38,475
156.324,132.884,9/12/2020 2:00:00 PM,122.508423949,26.2,38,476
156.36,131.36,9/12/2020 2:10:00 PM,120.945196199,26.05,38,475.5
155.494,129.978,9/12/2020 2:20:00 PM,121.639403099,26,38,476
154.8,129.838,9/12/2020 2:30:00 PM,121.783430772,26,38,477
154.978,128.568,9/12/2020 2:40:00 PM,121.299807052,26.1,38,477
152.1,127.832,9/12/2020 2:50:00 PM,120.658617117,25.95,38,477
151.964,127.21,9/12/2020 3:00:00 PM,118.948677727,26.05,38,477.5
152.034,127.41,9/12/2020 3:10:00 PM,119.587495276,26,38,478.5
149.618,128.134,9/12/2020 3:20:00 PM,118.779219658,25.95,38,478.5
148.776,126.194,9/12/2020 3:30:00 PM,118.770329529,25.8,38,479.5
148.954,125.672,9/12/2020 3:40:00 PM,120.117264763,25.9,38,478.5
149.202,124.482,9/12/2020 3:50:00 PM,120.106036291,25.75,38,478
149.072,124.84,9/12/2020 4:00:00 PM,119.207968091,25.8,38,480
148.814,124.046,9/12/2020 4:10:00 PM,121.001432729,25.95,38,480.5
148.888,122.712,9/12/2020 4:20:00 PM,120.300138622,25.95,38,480.5
146.54,121.5,9/12/2020 4:30:00 PM,121.611715288,25.95,38,480.5
147.01,123.42,9/12/2020 4:40:00 PM,120.383932660,25.9,38,481.5
147.598,122.15,9/12/2020 4:50:00 PM,121.040021133,26,38,481
147.59,123.28,9/12/2020 5:00:00 PM,121.622075452,26,38,481
145.924,123.826,9/12/2020 5:10:00 PM,122.302382067,26.1,38,480.5
146.266,121.922,9/12/2020 5:20:00 PM,124.013474038,26.1,38,480.5
146.48,122.768,9/12/2020 5:30:00 PM,123.659978698,26.2,38,480.5
145.584,122.312,9/12/2020 5:40:00 PM,124.497220204,26.15,38,480.5
146.136,122.456,9/12/2020 5:50:00 PM,124.237624361,26.1,38,481.5
145.872,122.68,9/12/2020 6:00:00 PM,125.539514010,26.05,38,482
145.802,122.828,9/12/2020 6:10:00 PM,126.215406451,26.05,38,481
147.062,123.092,9/12/2020 6:20:00 PM,126.290834899,26.15,38,482
144.534,121.468,9/12/2020 6:30:00 PM,127.468937386,26.1,38,480.5
145.682,121.828,9/12/2020 6:40:00 PM,127.862391195,26.1,38,480.5
145.43,122.746,9/12/2020 6:50:00 PM,129.266662580,26.2,38,481
145.106,123.81,9/12/2020 7:00:00 PM,128.950233615,26.2,38,480.5
145.658,122.324,9/12/2020 7:10:00 PM,131.051669971,26.15,38,480.5
145.47,122.556,9/12/2020 7:20:00 PM,131.038584041,26.2,38,482
146.546,123.102,9/12/2020 7:30:00 PM,131.845374623,26.1,38,481.5
146.192,124.494,9/12/2020 7:40:00 PM,131.694450352,26.15,38,481.5
146.296,125.738,9/12/2020 7:50:00 PM,133.388856932,26.2,38,481
146.126,125.124,9/12/2020 8:00:00 PM,133.744912294,26.15,38,481
145.914,123.136,9/12/2020 8:10:00 PM,133.563937386,26.15,38,482
146.12,124.94,9/12/2020 8:20:00 PM,134.579467800,26.15,38,482
147.852,123.626,9/12/2020 8:30:00 PM,134.875993843,26.15,38,483
147.626,127.096,9/12/2020 8:40:00 PM,135.550692362,26.15,38,484.5
148.024,125.53,9/12/2020 8:50:00 PM,134.317860653,26.15,38,483.5
147.838,125.586,9/12/2020 9:00:00 PM,135.258956906,26.2,38,484
147.932,127.41,9/12/2020 9:10:00 PM,135.527192546,26.15,38,484.5
148.518,125.224,9/12/2020 9:20:00 PM,134.985346545,26.1,38,484
147.978,126.78,9/12/2020 9:30:00 PM,136.000752250,26.2,38,485.5
147.816,125.418,9/12/2020 9:40:00 PM,135.493285835,26.2,38,486
147.792,126.84,9/12/2020 9:50:00 PM,134.813769575,26.2,38,486
146.38,126.02,9/12/2020 10:00:00 PM,134.408690439,26.2,38,486
147.86,126.842,9/12/2020 10:10:00 PM,134.483284242,26.2,38,484.5
147.406,127.636,9/12/2020 10:20:00 PM,132.711840996,26.15,38,486
148.148,127.088,9/12/2020 10:30:00 PM,133.923123630,26.2,38,486
147.888,126.762,9/12/2020 10:40:00 PM,132.707642958,26.15,38,486.5
146.896,125.846,9/12/2020 10:50:00 PM,133.759743456,26.2,38,486
146.196,124.91,9/12/2020 11:00:00 PM,131.897377623,26.2,38,486
147.056,124.816,9/12/2020 11:10:00 PM,132.435426154,26.2,38,486.5
145.204,125.452,9/12/2020 11:20:00 PM,132.285371639,26.2,38,486
145.822,126.41,9/12/2020 11:30:00 PM,131.570851818,26.2,38,486
146.008,125.374,9/12/2020 11:40:00 PM,131.897120756,26.2,38,486
146.158,126.22,9/12/2020 11:50:00 PM,131.756109961,26.2,38,485.5
146.41,124.628,9/13/2020 12:00:00 AM,133.015964572,26.25,38,479.5
146.322,124.59,9/13/2020 12:10:00 AM,131.517385800,26.3,38,476
144.894,124.874,9/13/2020 12:20:00 AM,131.974259046,26.3,38,478
146.628,124.098,9/13/2020 12:30:00 AM,133.126793869,26.3,38,480
146.402,125.868,9/13/2020 12:40:00 AM,132.726693896,26.3,38,481.5
145.892,124.878,9/13/2020 12:50:00 AM,134.057070862,26.3,38,483
146.494,123.952,9/13/2020 1:00:00 AM,133.368927340,26.2,38,484
145.636,124.954,9/13/2020 1:10:00 AM,133.618823885,26.25,38,487
146.614,124.748,9/13/2020 1:20:00 AM,133.886714129,26.2,38,486.5
146.826,125.22,9/13/2020 1:30:00 AM,134.190579441,26.25,38,486.5
146.082,125.57,9/13/2020 1:40:00 AM,133.776424169,26.2,38,487
146.402,124.914,9/13/2020 1:50:00 AM,134.264296268,26.3,38,487.5
148.238,124.278,9/13/2020 2:00:00 AM,134.168293633,26.3,38,488
146.24,124.02,9/13/2020 2:10:00 AM,135.981381189,26.3,38,487.5
146.414,124.932,9/13/2020 2:20:00 AM,136.106483040,26.3,38,487.5
146.892,124.198,9/13/2020 2:30:00 AM,134.545380318,26.25,38,488.5
144.908,124.076,9/13/2020 2:40:00 AM,135.086536139,26.2,38,489
145.23,123.972,9/13/2020 2:50:00 AM,134.549504115,26.2,38,489
147.038,123.864,9/13/2020 3:00:00 AM,134.695258106,26.15,38,490
146.654,123.246,9/13/2020 3:10:00 AM,134.487740875,26.2,38,489
146.628,123.512,9/13/2020 3:20:00 AM,134.278707514,26.2,38,489
146.204,121.964,9/13/2020 3:30:00 AM,134.025208888,26.2,38,489.5
144.72,124.262,9/13/2020 3:40:00 AM,134.987376103,26.15,38.5,490.5
146.102,124.576,9/13/2020 3:50:00 AM,134.133273698,26.2,38,491
146.482,123.536,9/13/2020 4:00:00 AM,134.629926294,26.2,38,492
144.954,122.828,9/13/2020 4:10:00 AM,134.185035467,26.25,38,491.5
144.026,123.482,9/13/2020 4:20:00 AM,133.149859252,26.2,38,491.5
145.32,122.268,9/13/2020 4:30:00 AM,132.489566182,26.15,38,491.5
142.302,121.114,9/13/2020 4:40:00 AM,132.494047274,26.15,38,493.5
141.358,120.794,9/13/2020 4:50:00 AM,132.169460972,26.2,38,493
142.176,120.278,9/13/2020 5:00:00 AM,131.706621651,26.15,38,493
142.8,120.13,9/13/2020 5:10:00 AM,131.285709642,26.2,38,493.5
141.748,119.688,9/13/2020 5:20:00 AM,130.614908105,26.2,38,493
140.344,119.208,9/13/2020 5:30:00 AM,131.229287613,26.15,38,492
140.604,118.572,9/13/2020 5:40:00 AM,131.015952126,26.1,38.5,493.5
140.072,117.952,9/13/2020 5:50:00 AM,130.171352282,26.1,38.5,493.5
140.478,118.436,9/13/2020 6:00:00 AM,129.925070987,26.1,38.5,493.5
139.864,117.916,9/13/2020 6:10:00 AM,128.501310087,26.1,38,494
138.964,116.654,9/13/2020 6:20:00 AM,128.430481109,26.15,38,496.5
141.036,116.308,9/13/2020 6:30:00 AM,127.948467260,26.05,39,496
139.708,116.218,9/13/2020 6:40:00 AM,129.251218045,25.95,39,498
139.166,116.684,9/13/2020 6:50:00 AM,128.804035784,26,39,499.5
139.772,116.262,9/13/2020 7:00:00 AM,128.004639338,26,39,499
138.698,115.606,9/13/2020 7:10:00 AM,128.660369219,26.1,39,499.5
137.63,116.278,9/13/2020 7:20:00 AM,127.960588598,26,39,500.5
138.532,116.764,9/13/2020 7:30:00 AM,128.022804451,25.95,39,501
136.552,114.482,9/13/2020 7:40:00 AM,129.056084740,25.85,39,502.5
136.4,113.346,9/13/2020 7:50:00 AM,126.356070986,25.85,39,502
136.768,114.602,9/13/2020 8:00:00 AM,126.865340195,26,39,504.5
136.858,114.798,9/13/2020 8:10:00 AM,127.009165538,26,39,506.5
135.704,112.986,9/13/2020 8:20:00 AM,125.007509609,26.1,39,506.5
136.178,113.664,9/13/2020 8:30:00 AM,125.508570226,26,39,505.5
136.074,110.384,9/13/2020 8:40:00 AM,125.063300823,25.9,39,506.5
135.12,112.558,9/13/2020 8:50:00 AM,125.202635413,25.8,39,507
135.122,114.144,9/13/2020 9:00:00 AM,125.694870124,25.85,39,508
133.894,113.584,9/13/2020 9:10:00 AM,125.418552075,25.85,39,507.5
136.024,112.924,9/13/2020 9:20:00 AM,124.822652236,26,39,509
137.25,114.916,9/13/2020 9:30:00 AM,124.515349723,26,39,509
137.922,113.834,9/13/2020 9:40:00 AM,124.671184840,26,39,509.5
135.994,112.254,9/13/2020 9:50:00 AM,125.210277034,25.85,39,509.5
135.832,113.364,9/13/2020 10:00:00 AM,125.504962221,25.95,39,510.5
136.558,114.852,9/13/2020 10:10:00 AM,125.612469644,25.85,39,510.5
136.796,114.11,9/13/2020 10:20:00 AM,125.113408761,25.85,39,511
135.342,115.804,9/13/2020 10:30:00 AM,124.817186265,26,39,511
135.764,113.85,9/13/2020 10:40:00 AM,125.924177991,26.05,39,512
137.92,114.586,9/13/2020 10:50:00 AM,126.908468549,26,39,512
137.456,112.55,9/13/2020 11:00:00 AM,125.492097081,25.85,39,512.5
139.546,115.416,9/13/2020 11:10:00 AM,126.432630607,26,39,512
139.236,114.166,9/13/2020 11:20:00 AM,126.976979881,25.85,39,513.5
137.542,115.502,9/13/2020 11:30:00 AM,126.277493323,25.95,39,515.5
138.412,115.85,9/13/2020 11:40:00 AM,127.318843005,25.9,39,516
137.738,116.09,9/13/2020 11:50:00 AM,126.911412077,26,39,516.5
139.634,113.466,9/13/2020 12:00:00 PM,127.041212681,25.8,39,517
139.028,114.73,9/13/2020 12:10:00 PM,127.403413541,25.65,39.5,518
138.342,116.11,9/13/2020 12:20:00 PM,127.867996494,25.6,40,519.5
138.856,117.294,9/13/2020 12:30:00 PM,128.772780089,25.6,40,519.5
138.972,116.148,9/13/2020 12:40:00 PM,128.762234324,25.8,40,518.5
139.086,116.152,9/13/2020 12:50:00 PM,128.727493935,25.85,39,518.5
140.176,115.118,9/13/2020 1:00:00 PM,127.620417443,25.9,39,520
139.19,114.726,9/13/2020 1:10:00 PM,128.311438389,25.85,39.5,519
140.948,116.208,9/13/2020 1:20:00 PM,127.692914973,25.8,39.5,520
141.634,116.676,9/13/2020 1:30:00 PM,129.083746007,25.7,40,519.5
141.1,117.55,9/13/2020 1:40:00 PM,128.091427626,25.65,40,520
141.61,117.968,9/13/2020 1:50:00 PM,127.008883908,25.65,40,520
139.824,117.54,9/13/2020 2:00:00 PM,126.854579413,25.65,40,519
140.3,117.676,9/13/2020 2:10:00 PM,125.848919482,25.8,40,520
141.344,117.638,9/13/2020 2:20:00 PM,125.266224636,25.65,40,520.5
141.154,117.44,9/13/2020 2:30:00 PM,125.718575678,25.5,40,520.5
142.478,116.88,9/13/2020 2:40:00 PM,124.459623901,25.55,40,520
140.698,117.102,9/13/2020 2:50:00 PM,124.579659789,25.6,40,522
140.01,117.334,9/13/2020 3:00:00 PM,124.300463756,25.6,40,521.5
141.354,117.836,9/13/2020 3:10:00 PM,124.590539101,25.85,40,521.5
140.252,118.176,9/13/2020 3:20:00 PM,123.194426400,25.95,40,521.5
141.998,117.716,9/13/2020 3:30:00 PM,123.290271605,25.95,40,521.5
141.278,116.836,9/13/2020 3:40:00 PM,123.365227584,25.95,40,521.5
140.81,118.826,9/13/2020 3:50:00 PM,122.380428733,25.95,40,522.5
140.698,119.534,9/13/2020 4:00:00 PM,123.425121595,25.95,39,523
143.208,119.148,9/13/2020 4:10:00 PM,124.645006168,26,39.5,522.5
140.572,119.782,9/13/2020 4:20:00 PM,123.609071100,25.95,40,523.5
141.784,119.672,9/13/2020 4:30:00 PM,123.896294065,26,40,521
140.834,117.42,9/13/2020 4:40:00 PM,121.823993206,26,40,521.5
142.346,118.982,9/13/2020 4:50:00 PM,121.981312801,25.95,40,521
141.92,118.85,9/13/2020 5:00:00 PM,121.741172607,25.95,40,522.5
142.212,118.398,9/13/2020 5:10:00 PM,122.443855186,25.85,40,523.5
144.308,118.976,9/13/2020 5:20:00 PM,123.028705850,25.9,40,522
141.036,121.546,9/13/2020 5:30:00 PM,123.447589775,26,40,522
142.43,120.66,9/13/2020 5:40:00 PM,122.603365125,26,40,522
142.36,121.186,9/13/2020 5:50:00 PM,122.886568127,26,40,521
142.572,120.81,9/13/2020 6:00:00 PM,124.054196623,26,40,521.5
140.602,122.54,9/13/2020 6:10:00 PM,123.967607309,26,40,520.5
141.514,122.498,9/13/2020 6:20:00 PM,125.314362434,26,40,519
143.522,121.208,9/13/2020 6:30:00 PM,125.583784038,26.05,40,519
144.084,122.742,9/13/2020 6:40:00 PM,126.449947118,25.9,40,518.5
145.302,122.666,9/13/2020 6:50:00 PM,125.682899199,26,40,518
141.994,123.33,9/13/2020 7:00:00 PM,125.606621640,26,40,518.5
144.634,123.548,9/13/2020 7:10:00 PM,126.248909951,26,40,518.5
143.336,123.44,9/13/2020 7:20:00 PM,126.637374986,25.95,40,517.5
144.37,124.118,9/13/2020 7:30:00 PM,127.378317939,25.9,40,517
146.496,123.696,9/13/2020 7:40:00 PM,128.422055643,25.9,40,516.5
145.082,123.77,9/13/2020 7:50:00 PM,127.693471343,25.95,40,516.5
144.378,125.856,9/13/2020 8:00:00 PM,128.506864155,25.9,40,515
144.89,123.568,9/13/2020 8:10:00 PM,128.712878019,25.9,40,515
145.11,124.278,9/13/2020 8:20:00 PM,130.237726992,25.9,40,514.5
146.11,124.56,9/13/2020 8:30:00 PM,130.432362988,25.9,40,513
145.114,125.494,9/13/2020 8:40:00 PM,131.411273588,25.9,40,512.5
144.434,125.314,9/13/2020 8:50:00 PM,131.248424868,25.95,40,513
144.458,125.556,9/13/2020 9:00:00 PM,131.216283196,25.9,40,511
147.176,125.828,9/13/2020 9:10:00 PM,131.423182401,25.9,40,511
145.198,124.096,9/13/2020 9:20:00 PM,131.063987792,25.9,40,508
145.734,125.46,9/13/2020 9:30:00 PM,131.224682881,25.9,40,509
145.144,125.526,9/13/2020 9:40:00 PM,131.160923287,25.95,40,507.5
145.224,126.52,9/13/2020 9:50:00 PM,131.892776882,26,40,506
144.586,126.114,9/13/2020 10:00:00 PM,132.524766735,26,40,505.5
147.262,125.548,9/13/2020 10:10:00 PM,132.176927568,26,40,504.5
144.558,127.01,9/13/2020 10:20:00 PM,132.588232876,26,40,503.5
145.952,126.514,9/13/2020 10:30:00 PM,133.599540616,26,40,501.5
147.266,125.948,9/13/2020 10:40:00 PM,135.808920556,26,40,501.5
148.074,128.222,9/13/2020 10:50:00 PM,136.613273919,25.95,41,501.5
149.236,128.402,9/13/2020 11:00:00 PM,138.793285648,25.95,41,500.5
150.156,128.828,9/13/2020 11:10:00 PM,139.209080844,26,40,499.5
149.506,131.33,9/13/2020 11:20:00 PM,140.043353195,26,40.5,499
150.298,131.386,9/13/2020 11:30:00 PM,140.361229059,26,41,497.5
151.132,131.61,9/13/2020 11:40:00 PM,140.968906824,26.1,40,497.5
153.038,131.544,9/13/2020 11:50:00 PM,141.498050200,26.1,40,495
154.214,133.34,9/14/2020 12:00:00 AM,143.237848829,26.15,40,493.5
153.3,134.544,9/14/2020 12:10:00 AM,143.728237981,26.15,40,492
154.902,134.354,9/14/2020 12:20:00 AM,145.167758683,26.2,40,491.5
156.15,133.796,9/14/2020 12:30:00 AM,145.876872104,26.1,40,491.5
155.324,135.274,9/14/2020 12:40:00 AM,147.198783230,26.1,40,490
157.58,136.054,9/14/2020 12:50:00 AM,148.484928509,26.1,40,490.5
157.982,136.702,9/14/2020 1:00:00 AM,148.345039608,26.1,40,489
158.954,136.084,9/14/2020 1:10:00 AM,149.756322053,26.15,40,489
159.5,136.77,9/14/2020 1:20:00 AM,151.884338487,26.2,40,488
162.052,139.206,9/14/2020 1:30:00 AM,152.278879943,26.2,40,488
162.446,139.206,9/14/2020 1:40:00 AM,154.526181955,26.2,40,488
163.838,139.926,9/14/2020 1:50:00 AM,155.525972017,26.1,40,488
161.792,141.45,9/14/2020 2:00:00 AM,157.317338347,26.1,40.5,486.5
162.932,141.534,9/14/2020 2:10:00 AM,158.252223175,26.1,40,487.5
165.352,140.638,9/14/2020 2:20:00 AM,161.239955499,26.2,40,487.5
163.428,141.334,9/14/2020 2:30:00 AM,162.003071476,26.15,40.5,487.5
166.382,140.868,9/14/2020 2:40:00 AM,162.397117149,26.2,40,486.5
164.082,141.53,9/14/2020 2:50:00 AM,165.352787203,26.15,40,487
163.956,139.588,9/14/2020 3:00:00 AM,166.751945741,26.1,40,488.5
162.82,139.666,9/14/2020 3:10:00 AM,169.789808174,26,41,487.5
164.27,141.256,9/14/2020 3:20:00 AM,167.869287538,26.1,40,489.5
163.362,140.254,9/14/2020 3:30:00 AM,167.821690500,26.05,41,491
160.384,139.924,9/14/2020 3:40:00 AM,169.984113344,26.05,40,491
163.576,139.258,9/14/2020 3:50:00 AM,170.510795703,26.1,40.5,490.5
162.67,139.65,9/14/2020 4:00:00 AM,171.566782225,26.2,40,491.5
161.91,138.422,9/14/2020 4:10:00 AM,172.616818180,26.05,40.5,493
163.78,139.02,9/14/2020 4:20:00 AM,171.977952883,25.95,41,493.5
162.714,136.646,9/14/2020 4:30:00 AM,171.261737814,25.9,41,494.5
160.086,138.218,9/14/2020 4:40:00 AM,172.095107280,25.9,41,493.5
159.85,137.094,9/14/2020 4:50:00 AM,174.912165773,25.9,41,493.5
160.308,137.824,9/14/2020 5:00:00 AM,173.710672390,26,41,493
158.238,136.23,9/14/2020 5:10:00 AM,172.128449332,25.95,41,493
157.296,137.292,9/14/2020 5:20:00 AM,173.298293241,26,40.5,494.5
157,136.002,9/14/2020 5:30:00 AM,172.720320768,26.05,40,494.5
157.792,134.6,9/14/2020 5:40:00 AM,172.321835700,25.95,41,494
155.33,135.164,9/14/2020 5:50:00 AM,173.520631693,26,40,493.5
154.994,134.19,9/14/2020 6:00:00 AM,171.831453439,26,40,495
154.264,134.836,9/14/2020 6:10:00 AM,171.797505692,26,40,495.5
154.67,132.81,9/14/2020 6:20:00 AM,171.548445393,26.1,40,495
154.842,131.848,9/14/2020 6:30:00 AM,171.011474669,26,40,495.5
152.976,130.656,9/14/2020 6:40:00 AM,170.424537191,26.05,40,496
152.042,131.498,9/14/2020 6:50:00 AM,171.662794801,26,40,497.5
151.728,132.146,9/14/2020 7:00:00 AM,171.272576905,26,40,498
151.64,132.728,9/14/2020 7:10:00 AM,168.481893540,26.05,40,498.5
151.582,129.952,9/14/2020 7:20:00 AM,168.590854574,25.9,40,498
150.92,129.35,9/14/2020 7:30:00 AM,169.219468016,26,40,498.5
151.906,129.298,9/14/2020 7:40:00 AM,168.841015943,25.95,40,499.5
150.45,129.63,9/14/2020 7:50:00 AM,168.013621224,25.9,40.5,501
150.304,126.926,9/14/2020 8:00:00 AM,166.239596218,25.85,41,499.5
148.902,128.574,9/14/2020 8:10:00 AM,164.886052831,25.9,40.5,500.5
149.602,128.464,9/14/2020 8:20:00 AM,165.330115421,26,40,496.5
147.648,128.004,9/14/2020 8:30:00 AM,165.129405674,26,40.5,489
147.754,127.492,9/14/2020 8:40:00 AM,163.684684436,26.1,40,489
147.878,127.47,9/14/2020 8:50:00 AM,161.807347223,26.1,40,492
149.568,126.348,9/14/2020 9:00:00 AM,161.756782605,25.9,40.5,496
150.02,126.318,9/14/2020 9:10:00 AM,160.907635286,25.95,41,498
149.114,125.246,9/14/2020 9:20:00 AM,160.859724379,25.85,41,498.5
146.762,126.586,9/14/2020 9:30:00 AM,158.164586766,25.95,41,499
147.26,126.758,9/14/2020 9:40:00 AM,159.384585217,26,41,500.5
148.388,126.3,9/14/2020 9:50:00 AM,157.109581640,26,41,501.5
144.948,125.918,9/14/2020 10:00:00 AM,156.498926608,25.8,41,501.5
144.058,123.432,9/14/2020 10:10:00 AM,152.583683175,25.9,41,499
143.954,125.484,9/14/2020 10:20:00 AM,151.785769857,25.75,41,499
141.246,122.228,9/14/2020 10:30:00 AM,148.486138983,25.8,41,496.5
139.344,120.286,9/14/2020 10:40:00 AM,146.535799787,25.65,41,497.5
137.298,118.58,9/14/2020 10:50:00 AM,144.497488906,25.45,42,499
136.552,114.86,9/14/2020 11:00:00 AM,141.889613601,25.4,42,500
136.662,116.592,9/14/2020 11:10:00 AM,140.052117624,25.35,42,501.5
135.418,115.918,9/14/2020 11:20:00 AM,138.560555912,25.3,42,502
135.054,113.472,9/14/2020 11:30:00 AM,138.148762754,25.35,42,503.5
134.44,113.912,9/14/2020 11:40:00 AM,137.532824428,25.3,42,503.5
133.372,113.002,9/14/2020 11:50:00 AM,137.120183302,25.3,42,503
132.78,113.658,9/14/2020 12:00:00 PM,136.440284247,25.2,42,504.5
131.508,113.772,9/14/2020 12:10:00 PM,135.570477644,25.2,42,506.5
124.966,104.926,9/14/2020 12:20:00 PM,130.724267901,25.5,42,506.5
118.604,103.792,9/14/2020 12:30:00 PM,126.662558711,25.5,42,507
113.132,97.012,9/14/2020 12:40:00 PM,122.974137262,25.45,42.5,509.5
109.236,94.22,9/14/2020 12:50:00 PM,118.616054704,25.3,43,513
105.412,90.348,9/14/2020 1:00:00 PM,114.606828051,25.45,43,516
103.14,87.638,9/14/2020 1:10:00 PM,112.423404545,25.4,43.5,517.5
101.706,85.242,9/14/2020 1:20:00 PM,110.692602244,25.35,43.5,521
100.084,84.742,9/14/2020 1:30:00 PM,109.287227424,25.3,44,522.5
99.998,83.528,9/14/2020 1:40:00 PM,106.648817217,25.25,44,525.5
97.856,81.672,9/14/2020 1:50:00 PM,106.396277563,25.2,44,527.5
97.936,83.29,9/14/2020 2:00:00 PM,106.904997089,25.25,44,527.5
99.888,83.1,9/14/2020 2:10:00 PM,106.499099784,25.15,45,529.5
99.23,84.332,9/14/2020 2:20:00 PM,106.245262779,25.15,45,530.5
101.46,84.738,9/14/2020 2:30:00 PM,106.415941365,25.05,45,532.5
103.602,83.71,9/14/2020 2:40:00 PM,105.874070828,25.05,45,533.5
99.25,82.694,9/14/2020 2:50:00 PM,104.291824557,25.15,45,532
100.028,81.68,9/14/2020 3:00:00 PM,104.449607137,25.05,45,532
101.088,81.962,9/14/2020 3:10:00 PM,104.080209895,25.05,45,535.5
99.738,81.89,9/14/2020 3:20:00 PM,103.272654459,25.05,45,535.5
96.92,80.138,9/14/2020 3:30:00 PM,103.546394335,25,45,537.5
94.774,79.43,9/14/2020 3:40:00 PM,104.031428317,25,46,539
95.108,79.308,9/14/2020 3:50:00 PM,104.091133778,24.95,46,542
97.182,79.734,9/14/2020 4:00:00 PM,102.656541770,24.9,46,544
100.354,81.578,9/14/2020 4:10:00 PM,104.705477004,24.95,46,543.5
99.268,80.974,9/14/2020 4:20:00 PM,103.786977454,24.95,45.5,544.5
100.672,83.888,9/14/2020 4:30:00 PM,106.730964442,24.9,46,544.5
101.548,85.784,9/14/2020 4:40:00 PM,108.129426697,24.9,46,545.5
105.024,88.284,9/14/2020 4:50:00 PM,109.757276882,24.9,46,542.5
106.05,89.808,9/14/2020 5:00:00 PM,112.153265911,24.85,46,542.5
104.414,87.248,9/14/2020 5:10:00 PM,109.405623922,24.85,46.5,542
102.554,88.24,9/14/2020 5:20:00 PM,108.563890951,24.8,47,543.5
105.158,87.84,9/14/2020 5:30:00 PM,110.241119840,24.75,47,545.5
105.69,90.55,9/14/2020 5:40:00 PM,109.920352035,24.8,47,545
107.172,91.67,9/14/2020 5:50:00 PM,112.881799132,24.8,47,543
109.418,92.98,9/14/2020 6:00:00 PM,114.604034808,24.8,47,541
111.242,93.612,9/14/2020 6:10:00 PM,114.734335340,24.7,47.5,541
114.92,97.544,9/14/2020 6:20:00 PM,117.293679881,24.75,47.5,541
116.76,99.232,9/14/2020 6:30:00 PM,120.402364225,24.7,48,539.5
121.114,104.038,9/14/2020 6:40:00 PM,124.892068029,24.7,48,535
125.57,106.932,9/14/2020 6:50:00 PM,128.763046748,24.7,48,529.5
126.462,107.546,9/14/2020 7:00:00 PM,132.005402490,24.75,48,528
126.818,107.892,9/14/2020 7:10:00 PM,130.519337361,24.8,48,527
124.662,108.002,9/14/2020 7:20:00 PM,128.580532624,24.95,47.5,526
122.486,105.144,9/14/2020 7:30:00 PM,126.920253696,25,47,526
119.462,102.336,9/14/2020 7:40:00 PM,123.743331616,24.9,48,526
117.534,100.3,9/14/2020 7:50:00 PM,123.756307736,24.9,48,526
115.88,99.404,9/14/2020 8:00:00 PM,122.214994796,25,48,524
114.152,98.078,9/14/2020 8:10:00 PM,122.753843038,24.95,48,524.5
116.42,98.886,9/14/2020 8:20:00 PM,122.373622673,25,48,522.5
115.176,97.674,9/14/2020 8:30:00 PM,122.423499856,25.05,48,521.5
115.492,98.722,9/14/2020 8:40:00 PM,121.945132987,25.1,48,523
116.658,100.188,9/14/2020 8:50:00 PM,120.261656087,25.1,48,523.5
114.656,97.986,9/14/2020 9:00:00 PM,119.090718352,25.25,48,525.5
112.216,94.458,9/14/2020 9:10:00 PM,116.628246862,25.25,48,526
95.754,80.644,9/14/2020 9:20:00 PM,101.729061273,25.05,49,526.5
79.776,67.834,9/14/2020 9:30:00 PM,87.798420805,25.25,48.5,529.5
70.108,59.576,9/14/2020 9:40:00 PM,77.530272862,25.5,47.5,529.5
62.954,52.936,9/14/2020 9:50:00 PM,69.856611002,25.65,47,527.5
57.764,48.62,9/14/2020 10:00:00 PM,66.172778573,25.5,47.5,526.5
53.974,45.42,9/14/2020 10:10:00 PM,61.137395728,25.5,47.5,523.5
51.872,42.816,9/14/2020 10:20:00 PM,61.691636003,25.45,48,523.5
54.766,45.544,9/14/2020 10:30:00 PM,64.721245706,25.4,48,522.5
49.254,40.906,9/14/2020 10:40:00 PM,62.607899266,25.35,48,520
44.128,36.382,9/14/2020 10:50:00 PM,54.363772564,25.55,47.5,520
42.856,36.398,9/14/2020 11:00:00 PM,55.978118099,25.45,47.5,518
44.352,37.132,9/14/2020 11:10:00 PM,58.388996411,25.4,48,517
42.734,37.158,9/14/2020 11:20:00 PM,53.405931299,25.45,47.5,515.5
46.552,37.252,9/14/2020 11:30:00 PM,56.094799518,25.4,48,513.5
46.166,39.238,9/14/2020 11:40:00 PM,54.342923128,25.5,47.5,513
49.398,41.26,9/14/2020 11:50:00 PM,59.850221050,25.6,47,508.5
53.952,43.818,9/15/2020 12:00:00 AM,63.010207889,25.65,47,506
51.526,43.812,9/15/2020 12:10:00 AM,62.303541324,25.55,47,505.5
54.852,44.564,9/15/2020 12:20:00 AM,63.250980830,25.6,47,504.5
53.858,44.97,9/15/2020 12:30:00 AM,64.016559069,25.7,46,503
55.176,46.682,9/15/2020 12:40:00 AM,62.375687077,25.6,46,503
56.176,45.558,9/15/2020 12:50:00 AM,66.203131129,25.6,46,501.5
53.424,45.632,9/15/2020 1:00:00 AM,65.421689939,25.6,46,501.5
54.976,45.66,9/15/2020 1:10:00 AM,64.462514788,25.7,46,501
49.84,41.134,9/15/2020 1:20:00 AM,62.263314878,25.7,46,500.5
46.668,38.926,9/15/2020 1:30:00 AM,59.501813742,25.7,46,498.5
50.21,41.974,9/15/2020 1:40:00 AM,60.119471368,25.7,46,498
56.7,46.842,9/15/2020 1:50:00 AM,63.195149063,25.9,46,499.5
66.934,56.628,9/15/2020 2:00:00 AM,74.824511684,26.15,45,499
77.09,64.998,9/15/2020 2:10:00 AM,86.315731121,26.15,45,499.5
85.234,71.554,9/15/2020 2:20:00 AM,94.814605847,26.05,45,500
91.356,76.532,9/15/2020 2:30:00 AM,101.800289904,25.95,45,501.5
98.124,82.002,9/15/2020 2:40:00 AM,107.874857459,25.9,45,502.5
101.344,86.242,9/15/2020 2:50:00 AM,112.355934535,25.85,45.5,503.5
106.942,91.614,9/15/2020 3:00:00 AM,117.796619822,25.95,45,503
110.084,93.946,9/15/2020 3:10:00 AM,121.273885398,25.95,45,504.5
115.22,98.716,9/15/2020 3:20:00 AM,123.873441487,25.85,45.5,505
120.614,100.202,9/15/2020 3:30:00 AM,125.664941145,25.65,46,506
124.37,104.648,9/15/2020 3:40:00 AM,131.432108226,25.6,46,504
125.824,105.634,9/15/2020 3:50:00 AM,132.470700515,25.55,46,505.5
126.688,106.69,9/15/2020 4:00:00 AM,135.154536738,25.55,46,506.5
129.694,109.512,9/15/2020 4:10:00 AM,137.995280623,25.5,46,506
131.686,113.178,9/15/2020 4:20:00 AM,141.091823085,25.6,46,505
134.356,115.058,9/15/2020 4:30:00 AM,142.788302166,25.65,45.5,504.5
134.714,114.238,9/15/2020 4:40:00 AM,144.110166815,25.45,46,506.5
137.138,116.04,9/15/2020 4:50:00 AM,146.753165381,25.4,46,505.5
136.652,116.404,9/15/2020 5:00:00 AM,148.366707340,25.45,46,505.5
138.272,118.638,9/15/2020 5:10:00 AM,148.411047947,25.4,46,506.5
139.94,118.816,9/15/2020 5:20:00 AM,151.045984850,25.4,46,507
141.446,119.822,9/15/2020 5:30:00 AM,150.690656587,25.65,45.5,507.5
140.646,120.472,9/15/2020 5:40:00 AM,151.498623929,25.7,45,508
143.426,120.528,9/15/2020 5:50:00 AM,151.944866796,25.6,45,506.5
143.09,121.482,9/15/2020 6:00:00 AM,153.385710501,25.65,45,507.5
145.554,122.84,9/15/2020 6:10:00 AM,154.413307184,25.75,45,505.5
146.662,122.066,9/15/2020 6:20:00 AM,155.714078905,25.55,45,506
143.566,122.91,9/15/2020 6:30:00 AM,156.989780093,25.45,46,505
145.824,123.362,9/15/2020 6:40:00 AM,157.080187344,25.6,45,504
142.56,122.89,9/15/2020 6:50:00 AM,157.763677065,25.65,45,505.5
143.506,123.218,9/15/2020 7:00:00 AM,155.012246454,25.75,45,505.5
144.666,122.096,9/15/2020 7:10:00 AM,155.791470247,25.75,45,505
143.326,122.67,9/15/2020 7:20:00 AM,157.468431820,25.8,45,506
144.092,121.888,9/15/2020 7:30:00 AM,155.885216458,25.8,45,505
144.31,121.916,9/15/2020 7:40:00 AM,156.610043001,25.8,45,505
142.554,123.984,9/15/2020 7:50:00 AM,158.148179802,25.8,45,504
142.392,122.242,9/15/2020 8:00:00 AM,158.121888777,25.85,45,502
144.658,122.098,9/15/2020 8:10:00 AM,158.001252178,25.8,45,503
144.614,123.388,9/15/2020 8:20:00 AM,159.150436143,25.8,45,503
146.192,123.2,9/15/2020 8:30:00 AM,159.268061406,25.85,45,503.5
145.9,125.372,9/15/2020 8:40:00 AM,160.644342985,25.8,45,504.5
145.534,124.482,9/15/2020 8:50:00 AM,160.215036986,25.8,45,506.5
145.774,125.276,9/15/2020 9:00:00 AM,161.034833181,25.8,45,504.5
146.966,125.334,9/15/2020 9:10:00 AM,158.908878442,25.9,45,507
147.602,125.672,9/15/2020 9:20:00 AM,159.433494758,25.9,45,507.5
146.284,127.996,9/15/2020 9:30:00 AM,163.179726277,25.8,45,507.5
148.648,125.664,9/15/2020 9:40:00 AM,161.734335222,25.65,45.5,506.5
147.418,126.128,9/15/2020 9:50:00 AM,161.631073280,25.8,45,508.5
149.698,128.826,9/15/2020 10:00:00 AM,162.936381213,25.8,45,508
149.064,128.198,9/15/2020 10:10:00 AM,165.120179480,25.85,45,508.5
151.068,127.936,9/15/2020 10:20:00 AM,164.342424400,25.85,45,507.5
149.964,129.13,9/15/2020 10:30:00 AM,164.219302682,25.75,45.5,510
151.486,128.718,9/15/2020 10:40:00 AM,164.469446432,25.8,46,507
150.98,129.048,9/15/2020 10:50:00 AM,166.531864679,25.8,46,509.5
151.532,128.544,9/15/2020 11:00:00 AM,164.075729883,25.8,46,510.5
152.348,128.464,9/15/2020 11:10:00 AM,163.998374263,25.8,46,511.5
151.124,130.152,9/15/2020 11:20:00 AM,164.382393217,25.8,46,512
151.982,127.81,9/15/2020 11:30:00 AM,165.067488309,25.85,46,510.5
152.958,129.712,9/15/2020 11:40:00 AM,164.552825563,25.85,46,511.5
152.89,131.22,9/15/2020 11:50:00 AM,165.725138269,25.85,46,512
149.298,130.568,9/15/2020 12:00:00 PM,163.308760501,25.65,46,512
144.398,125.44,9/15/2020 12:10:00 PM,160.328615896,25.8,46,508.5
129.14,110.072,9/15/2020 12:20:00 PM,143.399842158,25.45,47.5,507.5
103.884,87.472,9/15/2020 12:30:00 PM,116.964314586,25.25,48,509.5
86.254,72.092,9/15/2020 12:40:00 PM,99.272048457,25.35,48,511.5
73.446,62.374,9/15/2020 12:50:00 PM,85.362919003,25.3,48,512.5
64.822,53.726,9/15/2020 1:00:00 PM,75.063546053,25.35,48,511.5
58.16,49.578,9/15/2020 1:10:00 PM,68.225389670,25.4,48,513
54.382,45.188,9/15/2020 1:20:00 PM,65.105663677,25.45,48,512
49.396,41.064,9/15/2020 1:30:00 PM,60.426591941,25.4,48.5,511.5
46.546,38.828,9/15/2020 1:40:00 PM,59.232068989,25.45,48.5,511.5
42.894,35.394,9/15/2020 1:50:00 PM,52.868191984,25.7,48,510.5
41.498,33.786,9/15/2020 2:00:00 PM,50.983094799,25.6,48,512
39.754,33.174,9/15/2020 2:10:00 PM,50.866706807,25.6,48,512.5
38.934,31.766,9/15/2020 2:20:00 PM,47.096114259,25.6,48.5,511.5
37.07,30.664,9/15/2020 2:30:00 PM,48.419588043,25.55,49,512.5
34.348,28.086,9/15/2020 2:40:00 PM,45.905063264,25.65,49,513.5
33.218,26.556,9/15/2020 2:50:00 PM,41.531600090,25.6,49,513.5
30.388,24.932,9/15/2020 3:00:00 PM,39.869912197,25.7,49,515
31.636,26.038,9/15/2020 3:10:00 PM,41.382303182,25.7,49,514.5
34.262,29,9/15/2020 3:20:00 PM,41.995274895,25.8,49,514
38.474,32.394,9/15/2020 3:30:00 PM,46.153200745,25.75,49,516
31.888,27.848,9/15/2020 3:40:00 PM,40.036169032,25.75,48.5,519
29.568,25.162,9/15/2020 3:50:00 PM,37.575397901,25.5,49,521
28.97,23.712,9/15/2020 4:00:00 PM,34.917161783,25.45,49,524
26.536,23.64,9/15/2020 4:10:00 PM,34.530719670,25.5,49,527
29.126,24.522,9/15/2020 4:20:00 PM,35.937917955,25.35,49,528.5
28.788,23.146,9/15/2020 4:30:00 PM,35.468015580,25.15,49.5,524.5
29.884,25.052,9/15/2020 4:40:00 PM,37.499736562,25.25,49,520
30.394,25.116,9/15/2020 4:50:00 PM,38.851100385,25.2,49.5,522.5
29.948,24.994,9/15/2020 5:00:00 PM,38.343473387,25.15,49.5,525
30.698,25.494,9/15/2020 5:10:00 PM,38.697331692,25.2,49,527
30.538,25.53,9/15/2020 5:20:00 PM,38.392565046,25,50,528
30.344,25.65,9/15/2020 5:30:00 PM,37.935797619,25.05,50,529
29.842,24.638,9/15/2020 5:40:00 PM,37.387604627,25.05,50,529.5
29.564,25.108,9/15/2020 5:50:00 PM,37.535996107,25.05,50,531
29.752,24.688,9/15/2020 6:00:00 PM,37.393363441,25.05,50,531
29.508,25.088,9/15/2020 6:10:00 PM,36.162085185,24.95,50,532
29.4,24.148,9/15/2020 6:20:00 PM,35.848036157,25.05,50,532.5
28.908,23.522,9/15/2020 6:30:00 PM,35.844276494,24.9,50,534
27.016,23.428,9/15/2020 6:40:00 PM,34.746467968,25,50,536
27.708,23.094,9/15/2020 6:50:00 PM,34.060236059,24.9,50,536
28.662,23.146,9/15/2020 7:00:00 PM,34.056500676,25,50,536.5
29.028,24.388,9/15/2020 7:10:00 PM,35.641097747,25,50,536.5
28.658,24.324,9/15/2020 7:20:00 PM,35.903879213,25,50,535.5
29.68,25.02,9/15/2020 7:30:00 PM,36.701576776,25,50,534
30.496,25.578,9/15/2020 7:40:00 PM,37.306047028,25.15,50,536.5
29.944,24.772,9/15/2020 7:50:00 PM,37.312713074,25.15,50,536.5
29.542,24.288,9/15/2020 8:00:00 PM,36.393789845,25,50,536
30.658,25.282,9/15/2020 8:10:00 PM,36.684092462,25.15,50,536
29.548,25.184,9/15/2020 8:20:00 PM,36.569741707,25.1,50,536.5
29.336,23.296,9/15/2020 8:30:00 PM,35.595321047,25,50,536.5
28.308,23.858,9/15/2020 8:40:00 PM,35.325036729,25.2,50,536.5
27.454,24.088,9/15/2020 8:50:00 PM,35.465807031,25.25,50,536
26.006,23.074,9/15/2020 9:00:00 PM,33.758717962,25.5,49,535
26.374,21.518,9/15/2020 9:10:00 PM,32.663324409,25.45,49,534.5
24.458,21.39,9/15/2020 9:20:00 PM,31.390897551,25.55,49,533.5
24.63,20.254,9/15/2020 9:30:00 PM,30.461410404,25.5,49,534
21.754,19.322,9/15/2020 9:40:00 PM,28.464833938,25.55,49,533.5
21.528,17.728,9/15/2020 9:50:00 PM,27.462974986,25.5,49,531.5
19.872,17.742,9/15/2020 10:00:00 PM,26.591921043,25.5,49,530.5
19.546,17.538,9/15/2020 10:10:00 PM,25.747837755,25.55,49,528
17.792,15.744,9/15/2020 10:20:00 PM,23.784604027,25.35,49,529
18.126,15.778,9/15/2020 10:30:00 PM,25.097461085,25.35,49.5,527.5
17.986,16.16,9/15/2020 10:40:00 PM,24.403616133,25.35,49,525.5
18.378,15.602,9/15/2020 10:50:00 PM,24.650887595,25.25,49.5,524.5
17.732,14.978,9/15/2020 11:00:00 PM,25.005955509,25.25,50,523.5
20.382,17.938,9/15/2020 11:10:00 PM,27.247829585,24.9,50,522
21.358,17.808,9/15/2020 11:20:00 PM,29.744988784,25.05,50,521
24.832,20.168,9/15/2020 11:30:00 PM,31.755860356,24.8,50.5,519
24.906,21.666,9/15/2020 11:40:00 PM,33.007716256,24.7,51,515.5
26.724,22.2,9/15/2020 11:50:00 PM,36.272073227,24.6,51,514
28.282,23.182,9/16/2020 12:00:00 AM,38.050497075,24.6,51,511.5
29.756,24.498,9/16/2020 12:10:00 AM,38.111494140,24.6,51,510
30.76,26.216,9/16/2020 12:20:00 AM,41.563063886,24.6,51,508.5
31.5,26.358,9/16/2020 12:30:00 AM,41.708034183,24.75,51,509
32.842,26.046,9/16/2020 12:40:00 AM,44.164213117,24.8,50.5,508
33.628,27.812,9/16/2020 12:50:00 AM,44.224821742,24.8,50,509
33.766,28.622,9/16/2020 1:00:00 AM,45.099508021,24.85,50,508
32.978,28.286,9/16/2020 1:10:00 AM,45.738591284,24.75,50.5,508.5
33.626,27.098,9/16/2020 1:20:00 AM,44.375741462,24.8,50.5,508.5
32.19,27.348,9/16/2020 1:30:00 AM,42.274407111,24.8,50,508
37.42,31.794,9/16/2020 1:40:00 AM,46.765894819,25.3,49.5,507.5
44.08,37.43,9/16/2020 1:50:00 AM,56.235743598,25.5,49,508.5
50.73,44.744,9/16/2020 2:00:00 AM,64.998045300,25.55,49,509
60.548,51.23,9/16/2020 2:10:00 AM,76.252493555,25.6,49,505
66.316,57.466,9/16/2020 2:20:00 AM,82.569264678,25.45,49,505
71.572,61.542,9/16/2020 2:30:00 AM,87.495812215,25.5,49,503.5
76.604,65.346,9/16/2020 2:40:00 AM,92.415170388,25.45,49,503
82.048,69.724,9/16/2020 2:50:00 AM,97.845266840,25.5,49,501.5
85.662,73.188,9/16/2020 3:00:00 AM,103.966540193,25.45,49,501.5
89.546,77.192,9/16/2020 3:10:00 AM,106.852079509,25.55,49,500.5
92.98,80.678,9/16/2020 3:20:00 AM,111.355456352,25.65,49,503
95.974,82.146,9/16/2020 3:30:00 AM,111.793486837,25.6,49,502.5
98.458,84.328,9/16/2020 3:40:00 AM,115.199636746,25.55,49,501
102,88.04,9/16/2020 3:50:00 AM,118.387427409,25.6,49,501
104.516,89.914,9/16/2020 4:00:00 AM,119.786761505,25.65,49,502
107.186,92.25,9/16/2020 4:10:00 AM,124.057187365,25.65,49,502.5
110.45,94.832,9/16/2020 4:20:00 AM,126.455041429,25.7,49,504.5
113.608,98.638,9/16/2020 4:30:00 AM,129.164077039,25.75,49,502.5
115.19,98.746,9/16/2020 4:40:00 AM,130.976484762,25.75,49,504
117.45,101.136,9/16/2020 4:50:00 AM,133.102216780,25.65,49,506.5
119.678,103.086,9/16/2020 5:00:00 AM,135.064846364,25.7,49,507
120.188,103.108,9/16/2020 5:10:00 AM,137.267466110,25.65,49,508
122.066,106.624,9/16/2020 5:20:00 AM,139.901024303,25.75,49,509.5
124.9,106.942,9/16/2020 5:30:00 AM,141.701857778,25.8,49,511
126.714,109.344,9/16/2020 5:40:00 AM,141.823617771,25.7,49,512.5
126.02,110.184,9/16/2020 5:50:00 AM,142.994988210,25.75,49,513.5
129.29,110.426,9/16/2020 6:00:00 AM,146.444987747,25.8,49.5,514
129.318,112.11,9/16/2020 6:10:00 AM,145.398158925,25.8,49,513
130.492,111.33,9/16/2020 6:20:00 AM,146.329816840,25.85,49,512
128.5,113.058,9/16/2020 6:30:00 AM,148.019625323,25.85,49,511
131.658,112.942,9/16/2020 6:40:00 AM,147.964679711,25.9,49,510.5
130.782,113.706,9/16/2020 6:50:00 AM,146.318918611,25.8,49.5,507.5
130.502,112.478,9/16/2020 7:00:00 AM,146.937100903,25.85,49,506
132.55,113.918,9/16/2020 7:10:00 AM,146.929856367,25.9,49,505
130.814,114.232,9/16/2020 7:20:00 AM,146.008118717,25.95,49,507
131.48,114.222,9/16/2020 7:30:00 AM,148.298267858,25.9,49,507
129.868,114.792,9/16/2020 7:40:00 AM,146.304125510,25.9,49.5,507.5
129.576,113.776,9/16/2020 7:50:00 AM,146.272044781,25.8,50,507
130.122,113.962,9/16/2020 8:00:00 AM,145.200723076,25.75,50,506
129.394,114.394,9/16/2020 8:10:00 AM,145.381489882,25.8,50,505
130.438,112.652,9/16/2020 8:20:00 AM,146.455632008,25.8,50,505
128.644,110.942,9/16/2020 8:30:00 AM,144.515422730,25.75,50,504.5
126.956,109.98,9/16/2020 8:40:00 AM,142.381086560,25.8,49,506
126.6,108.768,9/16/2020 8:50:00 AM,141.566152778,25.85,49,505
126.674,109.086,9/16/2020 9:00:00 AM,140.101517456,25.9,49,503.5
124.316,108.926,9/16/2020 9:10:00 AM,139.238675717,25.8,49,501.5
123.164,107.18,9/16/2020 9:20:00 AM,137.610141631,25.85,49,502.5
123.398,104.292,9/16/2020 9:30:00 AM,137.111447883,25.8,49,502
122.332,107.192,9/16/2020 9:40:00 AM,135.161586215,25.85,49,502
120.44,106.292,9/16/2020 9:50:00 AM,133.672049663,25.75,49.5,502.5
119.316,104.27,9/16/2020 10:00:00 AM,132.781770852,25.9,49,503
119.72,104.29,9/16/2020 10:10:00 AM,131.593849316,25.8,49,501.5
116.69,100.782,9/16/2020 10:20:00 AM,130.634383205,25.8,49,502
117.126,100.792,9/16/2020 10:30:00 AM,129.724982851,25.8,49.5,502
115.032,100.126,9/16/2020 10:40:00 AM,129.149023664,25.8,49.5,503.5
115.428,99.122,9/16/2020 10:50:00 AM,127.838851056,25.8,49,501.5
114.654,97.166,9/16/2020 11:00:00 AM,126.984527506,25.8,49,501.5
112.396,99.804,9/16/2020 11:10:00 AM,126.118745976,25.85,49,500.5
113.42,98.174,9/16/2020 11:20:00 AM,125.121750071,25.8,49,500
111.39,96.826,9/16/2020 11:30:00 AM,123.650658865,25.8,49,501.5
111.742,97.024,9/16/2020 11:40:00 AM,123.952350867,25.8,49,501
111.548,95.464,9/16/2020 11:50:00 AM,123.324742975,25.75,49,501
108.202,95.156,9/16/2020 12:00:00 PM,120.630504458,25.6,50,500
105.53,90.984,9/16/2020 12:10:00 PM,117.568200577,25.85,49,498
97.604,83.296,9/16/2020 12:20:00 PM,108.545309177,25.5,50,496
77.846,66.598,9/16/2020 12:30:00 PM,88.348152530,25.3,50,500
63.676,55.82,9/16/2020 12:40:00 PM,73.574387949,25.3,50.5,500
53.946,45.278,9/16/2020 12:50:00 PM,62.311497118,25.25,50.5,500
46.568,38.864,9/16/2020 1:00:00 PM,54.324621688,25.45,50,499.5
41.976,34.816,9/16/2020 1:10:00 PM,47.902330572,25.5,50,498.5
36.848,30.648,9/16/2020 1:20:00 PM,42.744931325,25.45,50,497.5
33.976,26.75,9/16/2020 1:30:00 PM,39.075086464,25.4,50,499
30.168,25.304,9/16/2020 1:40:00 PM,35.864681733,25.5,50,498.5
28.192,23.034,9/16/2020 1:50:00 PM,33.345168079,25.55,49.5,498.5
26.104,21.854,9/16/2020 2:00:00 PM,31.845492838,25.5,49,497.5
24.626,21.152,9/16/2020 2:10:00 PM,30.618602264,25.45,50,498
23.348,19.984,9/16/2020 2:20:00 PM,29.957692720,25.5,49.5,498.5
22.718,19.28,9/16/2020 2:30:00 PM,28.941954204,25.45,49,501
21.332,18.87,9/16/2020 2:40:00 PM,28.325361647,25.45,49.5,501.5
21.882,17.896,9/16/2020 2:50:00 PM,27.909543137,25.45,49.5,502.5
21.542,17.842,9/16/2020 3:00:00 PM,26.797214623,25.4,50,504.5
21.714,17.396,9/16/2020 3:10:00 PM,26.974878310,25.4,49,505.5
20.08,17.938,9/16/2020 3:20:00 PM,26.613333231,25.4,49,507
21.68,17.608,9/16/2020 3:30:00 PM,27.257896449,25.4,49,509
20.33,16.704,9/16/2020 3:40:00 PM,26.654205873,25.45,49,507.5
20.9,17.65,9/16/2020 3:50:00 PM,27.400896580,25.5,49,508
20.786,17.886,9/16/2020 4:00:00 PM,26.949337215,25.5,49,509
20.898,17.946,9/16/2020 4:10:00 PM,26.959650292,25.5,49,510.5
19.878,17.45,9/16/2020 4:20:00 PM,27.394923155,25.6,49,510.5
20.08,16.894,9/16/2020 4:30:00 PM,26.725807205,25.65,49,512
20.198,17.12,9/16/2020 4:40:00 PM,26.407300832,25.6,49,511
19.768,17.106,9/16/2020 4:50:00 PM,26.845597337,25.7,48.5,510
20.86,16.364,9/16/2020 5:00:00 PM,26.089658165,25.75,48,510.5
20.802,16.86,9/16/2020 5:10:00 PM,26.036451556,25.7,49,510.5
19.146,16.504,9/16/2020 5:20:00 PM,25.266194167,25.8,48.5,510.5
18.226,15.766,9/16/2020 5:30:00 PM,24.075948653,25.75,48.5,510.5
16.766,14.84,9/16/2020 5:40:00 PM,23.382527939,25.8,49,508.5
16.86,15.128,9/16/2020 5:50:00 PM,23.165749377,25.8,48.5,509.5
15.312,13.628,9/16/2020 6:00:00 PM,22.219148075,25.7,49,508.5
15.208,13.24,9/16/2020 6:10:00 PM,20.971296247,25.9,48,505.5
15.546,13.082,9/16/2020 6:20:00 PM,21.062689548,25.8,49,505
15.922,14.046,9/16/2020 6:30:00 PM,21.205565962,25.75,49,505
14.668,12.62,9/16/2020 6:40:00 PM,20.623673496,25.7,49,503.5
14.758,13.268,9/16/2020 6:50:00 PM,19.495197910,25.75,49,504
13.586,12.774,9/16/2020 7:00:00 PM,18.795382356,25.85,49,502.5
14.538,12.94,9/16/2020 7:10:00 PM,18.715772270,25.85,49,502.5
15.2,12.768,9/16/2020 7:20:00 PM,19.375998320,25.8,49,501.5
13.776,12.264,9/16/2020 7:30:00 PM,15.949847121,25.75,49.5,503
13.424,11.928,9/16/2020 7:40:00 PM,18.006375693,25.75,49.5,502.5
15.202,13.672,9/16/2020 7:50:00 PM,18.695113851,25.8,50,504.5
14.314,13.392,9/16/2020 8:00:00 PM,18.080024381,25.9,49.5,505
11.236,10.382,9/16/2020 8:10:00 PM,15.825899682,25.9,49,505
9.052,8.57,9/16/2020 8:20:00 PM,12.851663719,25.85,49,508
7.818,6.974,9/16/2020 8:30:00 PM,11.125764179,25.55,49.5,510
6.238,6.73,9/16/2020 8:40:00 PM,9.365172202,25.5,50,512
6.678,6.356,9/16/2020 8:50:00 PM,9.367504061,25.45,50,512.5
6.636,6.466,9/16/2020 9:00:00 PM,9.583333185,25.35,50,512.5
6.792,7.108,9/16/2020 9:10:00 PM,10.112937589,25.1,51,511
8.356,8.492,9/16/2020 9:20:00 PM,11.699720860,25.05,51,512
9.152,8.762,9/16/2020 9:30:00 PM,12.579244482,25.05,51,510.5
9.396,8.304,9/16/2020 9:40:00 PM,12.985549499,25.05,51,513
10.142,8.634,9/16/2020 9:50:00 PM,13.706486051,25.1,50.5,513
14.672,13.34,9/16/2020 10:00:00 PM,17.268052230,25.1,51,512.5
24.888,21.654,9/16/2020 10:10:00 PM,28.165585765,25.1,51,508
34.298,29.376,9/16/2020 10:20:00 PM,37.227349005,25.25,51,507.5
39.93,34.486,9/16/2020 10:30:00 PM,43.443300718,25.25,51,504.5
43.332,37.764,9/16/2020 10:40:00 PM,48.441361110,25.25,52,503
47.466,41.602,9/16/2020 10:50:00 PM,52.023480856,25.35,52,502
49.694,42.722,9/16/2020 11:00:00 PM,55.129286072,25.25,52,500
51.236,44.332,9/16/2020 11:10:00 PM,56.946222660,25.25,52,499.5
54.078,46.212,9/16/2020 11:20:00 PM,58.344027227,25.05,52.5,497
55.426,46.716,9/16/2020 11:30:00 PM,58.554694893,25,53,496.5
55.068,45.614,9/16/2020 11:40:00 PM,58.313374455,24.95,53,497
55.256,46.128,9/16/2020 11:50:00 PM,58.181300088,24.9,53,498.5
54.494,45.434,9/17/2020 12:00:00 AM,57.656289586,24.9,54,498
55.426,46.32,9/17/2020 12:10:00 AM,58.325844291,24.8,54,497.5
56.312,46.324,9/17/2020 12:20:00 AM,58.427303465,24.75,54,497
55.074,47.5,9/17/2020 12:30:00 AM,58.252175594,24.75,54,500
54.912,46.784,9/17/2020 12:40:00 AM,58.749306202,24.75,54,496
55.332,46.85,9/17/2020 12:50:00 AM,58.475956419,24.75,54,495
53.998,46.312,9/17/2020 1:00:00 AM,58.714768931,24.8,54,496
54.786,44.814,9/17/2020 1:10:00 AM,58.523012646,24.8,54,496
53.882,45.226,9/17/2020 1:20:00 AM,56.867068821,24.9,54,495.5
52.698,44.83,9/17/2020 1:30:00 AM,56.939390921,24.9,54,496
51.432,44.058,9/17/2020 1:40:00 AM,54.986530527,25.5,52,497.5
50.68,42.71,9/17/2020 1:50:00 AM,53.819197798,25.6,52,497.5
48.81,41.714,9/17/2020 2:00:00 AM,53.199633873,25.7,52,497
50.044,42.496,9/17/2020 2:10:00 AM,52.684558076,25.65,52,495.5
50.71,43.112,9/17/2020 2:20:00 AM,53.693722813,25.55,52,494.5
50.886,43.754,9/17/2020 2:30:00 AM,54.663698586,25.65,52,494.5
51.342,44.902,9/17/2020 2:40:00 AM,55.607518850,25.7,51,493
53.358,45.728,9/17/2020 2:50:00 AM,57.037027758,25.65,51.5,492.5
53.764,45.74,9/17/2020 3:00:00 AM,57.680738966,25.55,52,492
53.73,47.648,9/17/2020 3:10:00 AM,58.961897404,25.65,52,493.5
57.114,48.346,9/17/2020 3:20:00 AM,59.782373584,25.5,52,496.5
57.608,48.88,9/17/2020 3:30:00 AM,61.050164794,25.5,52,497.5
58.222,49.096,9/17/2020 3:40:00 AM,61.585300968,25.5,52,498.5
58.208,51.43,9/17/2020 3:50:00 AM,62.036304496,25.5,52,499.5
60.848,51.592,9/17/2020 4:00:00 AM,63.903278595,25.45,52,499.5
61.312,52.754,9/17/2020 4:10:00 AM,64.745205710,25.3,52,501
61.998,53.338,9/17/2020 4:20:00 AM,67.535201716,25.25,52.5,502.5
64.458,55.644,9/17/2020 4:30:00 AM,68.312430274,25.3,53,502
67.308,56.03,9/17/2020 4:40:00 AM,70.491394402,25.35,52,501.5
68.642,59.022,9/17/2020 4:50:00 AM,73.115873255,25.35,52,502.5
70.754,60.162,9/17/2020 5:00:00 AM,73.488990751,25.5,52,503
71.904,61.108,9/17/2020 5:10:00 AM,74.877383575,25.55,52,501
73.136,61.75,9/17/2020 5:20:00 AM,76.077997719,25.6,51.5,500
74.516,63.696,9/17/2020 5:30:00 AM,76.255556045,25.55,52,500
76.11,65.058,9/17/2020 5:40:00 AM,77.901774156,25.6,51,499
77.022,65.666,9/17/2020 5:50:00 AM,78.386271320,25.7,51,498.5
77.406,66.15,9/17/2020 6:00:00 AM,78.903684645,25.75,51,498.5
78.134,66.644,9/17/2020 6:10:00 AM,79.943558240,25.9,51,500
79.136,68.608,9/17/2020 6:20:00 AM,80.939511830,25.8,51,499
80.468,68.694,9/17/2020 6:30:00 AM,81.742350970,25.7,51,499
81.302,69.264,9/17/2020 6:40:00 AM,83.135198519,25.5,52,500
81.256,68.81,9/17/2020 6:50:00 AM,83.035223314,25.6,52,500
82.822,69.768,9/17/2020 7:00:00 AM,84.016011330,25.55,52,502
82.41,71.18,9/17/2020 7:10:00 AM,83.684470361,25.7,51,503
82.554,69.338,9/17/2020 7:20:00 AM,84.554293363,25.8,51,503.5
82.604,70.484,9/17/2020 7:30:00 AM,84.927378214,25.75,51,503.5
82.174,69.984,9/17/2020 7:40:00 AM,85.076648222,25.55,52,503.5
84.252,70.892,9/17/2020 7:50:00 AM,85.218116459,25.65,51.5,503.5
84.41,71.848,9/17/2020 8:00:00 AM,86.272361867,25.65,51.5,505
85.512,71.498,9/17/2020 8:10:00 AM,85.708951892,25.65,51.5,505
85.388,73.996,9/17/2020 8:20:00 AM,86.741017132,25.85,51,504.5
85.406,73.09,9/17/2020 8:30:00 AM,87.077607970,25.9,51,505.5
86.858,73.094,9/17/2020 8:40:00 AM,88.446145137,25.85,51,504.5
87.38,74.362,9/17/2020 8:50:00 AM,88.478238680,25.7,51,504.5
88.602,74.804,9/17/2020 9:00:00 AM,89.708534598,25.8,51,506
88.816,74.89,9/17/2020 9:10:00 AM,88.295448722,25.9,51,506
89.748,75.258,9/17/2020 9:20:00 AM,90.028543270,25.8,51,505.5
89.35,75.436,9/17/2020 9:30:00 AM,88.928222090,26,51,506.5
89.396,76.36,9/17/2020 9:40:00 AM,89.500548865,26,51,506.5
91.412,76.852,9/17/2020 9:50:00 AM,90.623782268,25.85,51,505
91.904,78.652,9/17/2020 10:00:00 AM,93.022331395,25.75,51,506.5
91.24,77.04,9/17/2020 10:10:00 AM,91.769121524,25.8,51,504.5
92.826,77.47,9/17/2020 10:20:00 AM,91.476390154,25.85,51,506.5
92.098,78.906,9/17/2020 10:30:00 AM,91.662373362,25.95,51,508
92.536,77.534,9/17/2020 10:40:00 AM,92.410496526,26.1,51,507.5
91.472,77.808,9/17/2020 10:50:00 AM,92.066627514,26.05,51,509
93.064,78.46,9/17/2020 11:00:00 AM,92.744375329,26,51,509
92.154,77.936,9/17/2020 11:10:00 AM,92.114071800,25.8,51.5,509.5
90.962,77.346,9/17/2020 11:20:00 AM,92.106540219,25.85,51.5,510.5
90.492,77.924,9/17/2020 11:30:00 AM,92.098198222,25.9,51,512
91.298,78.46,9/17/2020 11:40:00 AM,91.539719230,25.95,51,512.5
91.746,76.118,9/17/2020 11:50:00 AM,91.211577426,26.05,51,513.5
87.862,77.486,9/17/2020 12:00:00 PM,89.125337282,26,51,512.5
86.778,73.628,9/17/2020 12:10:00 PM,86.564398429,26.15,51,508
83.198,70.588,9/17/2020 12:20:00 PM,83.028725529,25.8,51.5,508.5
75.896,65.684,9/17/2020 12:30:00 PM,77.166961524,25.6,53,519
74.914,63.79,9/17/2020 12:40:00 PM,74.474180381,25.65,53,526
73.35,62.522,9/17/2020 12:50:00 PM,72.811176451,25.6,53,533
73.43,62.106,9/17/2020 1:00:00 PM,71.331658456,25.4,54,539.5
70.922,60.026,9/17/2020 1:10:00 PM,70.533039703,25.4,54,543
71.276,59.384,9/17/2020 1:20:00 PM,68.825052376,25.3,54,547
68.148,57.9,9/17/2020 1:40:00 PM,67.596495996,25.3,55,545
62.18,52.428,9/17/2020 2:10:00 PM,62.802472158,25.5,54,537
59.926,51.848,9/17/2020 2:20:00 PM,61.688258753,25.4,54.5,535
58.124,49.862,9/17/2020 2:30:00 PM,60.560119639,25.35,54.5,533.5
49.128,42.076,9/17/2020 3:40:00 PM,54.594564144,25.2,55.5,516
49.956,41.936,9/17/2020 3:50:00 PM,54.128998142,25.05,56,515.5
48.78,40.032,9/17/2020 4:00:00 PM,53.532517194,25,56,514
50.466,41.368,9/17/2020 4:10:00 PM,53.728740281,25.05,56,511.5
49.984,42.316,9/17/2020 4:20:00 PM,54.078116096,25.1,56,510
51.186,43.686,9/17/2020 4:40:00 PM,54.414808684,25,56,510
50.422,42.686,9/17/2020 5:00:00 PM,54.066045124,24.9,57,510
50.588,41.724,9/17/2020 5:10:00 PM,53.960872891,24.9,57,509
51.778,42.482,9/17/2020 5:30:00 PM,54.606952621,24.8,57,510
54.332,43.828,9/17/2020 5:40:00 PM,55.362425452,24.7,57,514
52.468,44.75,9/17/2020 5:50:00 PM,55.314936139,24.7,57,515
50.846,42.326,9/17/2020 6:30:00 PM,50.980324261,24.65,57,515.5
49.924,40.732,9/17/2020 6:40:00 PM,50.128346401,24.7,57,514
48.474,40.992,9/17/2020 6:50:00 PM,48.157207983,24.75,57,511.5
47.484,40.392,9/17/2020 7:00:00 PM,47.833219240,24.8,57,508.5
46.988,38.426,9/17/2020 7:10:00 PM,46.540626060,24.7,57,506.5
43.53,36.534,9/17/2020 7:30:00 PM,43.276646341,24.8,57,500
34.066,28.924,9/17/2020 9:10:00 PM,33.225582362,25.1,55,494
49.51,41.36,9/17/2020 11:40:00 PM,44.467376705,24.5,55,495
57.78,50.098,9/18/2020 3:20:00 AM,53.991960986,25.7,52,496
59.366,51.272,9/18/2020 3:30:00 AM,55.049477317,25.8,52,497
59.282,51.796,9/18/2020 3:40:00 AM,55.765031749,25.75,52,496.5
61.06,51.716,9/18/2020 4:00:00 AM,57.494456458,25.8,52,499.5
62.068,54.022,9/18/2020 4:10:00 AM,57.822616695,25.7,52,499
64.612,55.654,9/18/2020 4:30:00 AM,60.036466464,25.75,52,501
65.058,56.476,9/18/2020 4:40:00 AM,60.662209855,25.75,52,500.5
65.896,55.51,9/18/2020 4:50:00 AM,61.709079103,25.8,52,501.5
66.046,56.794,9/18/2020 5:00:00 AM,61.988071915,25.8,52,503
65.754,57.752,9/18/2020 5:10:00 AM,62.472233649,25.9,52,503
66.44,57.53,9/18/2020 5:20:00 AM,62.906973177,25.8,52,501.5
66.152,57.468,9/18/2020 5:30:00 AM,62.426953495,25.8,52,503
67.344,58.31,9/18/2020 5:40:00 AM,63.172442169,25.9,52,503
66.8,57.678,9/18/2020 5:50:00 AM,63.577258362,25.8,52,504
66.928,57.456,9/18/2020 6:00:00 AM,63.964825547,25.85,52,503.5
66.744,59.348,9/18/2020 6:10:00 AM,64.551306041,25.85,52,503
67.39,58.11,9/18/2020 6:20:00 AM,64.448566654,25.9,52,503
67.586,57.502,9/18/2020 6:30:00 AM,64.433069134,25.85,52,502.5
67.332,57.598,9/18/2020 6:40:00 AM,64.453622752,25.8,52,501.5
67.14,58.488,9/18/2020 6:50:00 AM,64.237493997,25.8,52,500
66.306,58.94,9/18/2020 7:10:00 AM,64.994037517,25.85,52,500.5
66.172,59.052,9/18/2020 7:20:00 AM,63.990039680,25.85,51.5,499.5
67.05,57.574,9/18/2020 7:30:00 AM,64.015031422,25.8,52,500
66.128,56.718,9/18/2020 7:50:00 AM,63.570266396,25.85,51,499
65.916,57.42,9/18/2020 8:00:00 AM,64.337176563,25.8,51.5,497.5
65.138,57.748,9/18/2020 8:10:00 AM,64.089700940,25.9,51,498
65.1,57.562,9/18/2020 8:30:00 AM,64.076713684,25.75,51,497.5
65.586,56.242,9/18/2020 8:40:00 AM,64.639984128,25.8,51,497
65.69,55.952,9/18/2020 10:40:00 AM,63.533088355,25.7,52,505
66.026,56.57,9/18/2020 11:40:00 AM,63.996486335,25.85,52,508.5
65.512,56.468,9/18/2020 11:50:00 AM,63.430212030,25.8,52,509
49.892,43.078,9/18/2020 4:10:00 PM,47.607859359,24.8,54,535
51.052,43.172,9/18/2020 4:20:00 PM,48.392831110,24.75,55,533
51.748,44.4,9/18/2020 4:30:00 PM,48.710252404,24.7,55,532
53.542,45.442,9/18/2020 4:40:00 PM,49.214383165,24.8,55,532
29.822,27.196,9/19/2020 3:20:00 AM,23.163431044,24.9,56,503
35.072,30.502,9/19/2020 6:10:00 AM,26.688674624,24.9,55,506
24.392,21.558,9/19/2020 8:20:00 AM,20.258162915,25.1,54,499
2.766,2.866,9/19/2020 4:20:00 PM,3.562232384,25.45,51.5,494.5
2.41,2.716,9/19/2020 4:30:00 PM,3.539590629,25.4,52,496
1.556,1.894,9/19/2020 6:50:00 PM,2.482899027,25.5,51,497
1.332,1.546,9/19/2020 8:00:00 PM,2.201185179,25.9,50,491
1.148,2.034,9/19/2020 8:20:00 PM,2.012832738,25.9,50,490
1.054,1.46,9/19/2020 8:30:00 PM,1.976178397,25.9,50,491
1.044,1.362,9/19/2020 11:00:00 PM,1.843552337,26,50,478
1.118,1.39,9/19/2020 11:10:00 PM,1.846507993,26.05,50,478.5
0.894,1.296,9/19/2020 11:20:00 PM,1.849385747,26.1,49,477
1.282,1.864,9/20/2020 12:10:00 AM,2.129553286,26,50,478
1.368,1.764,9/20/2020 12:20:00 AM,2.155265795,26,49,479
1.43,1.688,9/20/2020 12:30:00 AM,2.263173428,26,49,480
1.33,2.028,9/20/2020 12:40:00 AM,2.262115147,26,50,480
2.728,3.196,9/20/2020 6:40:00 AM,3.681146378,25.2,51,493
2.912,2.962,9/20/2020 6:50:00 AM,3.697291543,25.1,51.5,493
2.732,3.176,9/20/2020 7:00:00 AM,3.619018470,25.1,51.5,493
2.644,3.062,9/20/2020 7:10:00 AM,3.548976948,25,52,492
1.916,2.14,9/20/2020 10:20:00 AM,3.007841238,25.45,50.5,491
1.956,2.446,9/20/2020 10:30:00 AM,3.037115835,25.4,50,491
2.084,2.306,9/20/2020 3:30:00 PM,5.591777743,25.7,50,496
1.718,2.13,9/20/2020 3:40:00 PM,5.418439980,25.6,50,496
1.784,2.402,9/20/2020 3:50:00 PM,5.492222911,25.65,50,495
1.222,1.924,9/20/2020 5:10:00 PM,3.703409940,25.6,49,494
1.526,1.724,9/20/2020 5:50:00 PM,3.352168938,25.7,49,493
1.042,1.618,9/20/2020 6:30:00 PM,3.072260097,25.6,49,492
0.998,1.628,9/20/2020 7:10:00 PM,2.708048442,25.7,49,490
1.192,1.684,9/20/2020 7:40:00 PM,2.561042790,25.65,49,490.5
1.254,1.574,9/20/2020 7:50:00 PM,2.545547634,25.7,49,489.5
1.408,1.73,9/20/2020 8:00:00 PM,2.521247166,25.7,49,489
1.502,1.782,9/20/2020 8:10:00 PM,2.461034431,25.75,49,488
1.614,1.592,9/20/2020 8:20:00 PM,2.430603820,25.75,49,488
0.894,1.88,9/20/2020 8:30:00 PM,2.336174268,25.7,49,487
1.358,1.75,9/20/2020 10:10:00 PM,2.033993271,26.1,48,476
1.248,1.83,9/20/2020 10:20:00 PM,2.002621588,26.2,48,473
1.158,1.632,9/20/2020 11:30:00 PM,1.918989175,26.4,47,466
1.19,1.424,9/20/2020 11:50:00 PM,1.937482903,26.5,47,461
0.948,1.416,9/21/2020 1:50:00 AM,1.671249134,26.4,46.5,451
1.156,1.516,9/21/2020 2:50:00 AM,1.661079529,26.1,47,474
2.646,3.07,9/21/2020 4:30:00 AM,2.693388058,26.1,46,496
2.696,3.168,9/21/2020 4:40:00 AM,2.758447036,26,46,498
2.954,3.372,9/21/2020 4:50:00 AM,2.855177887,26,46,499
2.952,3.038,9/21/2020 5:00:00 AM,2.840217008,25.9,47,500
4.94,4.534,9/21/2020 7:50:00 AM,3.605230944,25.9,46,520
4.626,5.006,9/21/2020 8:00:00 AM,3.555789517,25.9,46,521
5.162,4.832,9/21/2020 8:10:00 AM,3.539151822,25.9,46,521.5
5.01,4.996,9/21/2020 8:40:00 AM,3.560090321,25.8,46,526
4.88,4.94,9/21/2020 8:50:00 AM,3.503626672,25.8,46,526
5,4.926,9/21/2020 9:00:00 AM,3.496891852,25.8,46,527
4.808,5.242,9/21/2020 9:10:00 AM,3.448779835,25.7,47,528
4.468,4.654,9/21/2020 10:20:00 AM,3.287940562,25.7,47,527
4.214,4.36,9/21/2020 10:40:00 AM,3.452861885,25.3,48,528
4.474,4.728,9/21/2020 10:50:00 AM,3.423762439,25.2,48,528
4.134,4.168,9/21/2020 11:00:00 AM,3.386239715,25.1,48,529
4.042,4.322,9/21/2020 11:10:00 AM,3.388583778,25.2,48,531
4.126,3.848,9/21/2020 11:30:00 AM,3.139321606,25.15,48,532
3.776,4.202,9/21/2020 12:00:00 PM,3.046250397,25.8,46,531
3.792,4.292,9/21/2020 12:10:00 PM,3.064288209,25.9,46,527
3.926,4.604,9/21/2020 12:30:00 PM,3.033054430,25.6,47,530
3.618,3.752,9/21/2020 12:40:00 PM,2.960736602,25.5,47,534
3.856,3.618,9/21/2020 12:50:00 PM,2.922544901,25.45,47,536.5
3.544,3.988,9/21/2020 1:00:00 PM,2.903740304,25.6,47,539.5
3.646,3.944,9/21/2020 1:10:00 PM,2.876936970,25.5,47,541
3.854,4.028,9/21/2020 1:20:00 PM,2.825675485,25.45,47,543
3.322,3.984,9/21/2020 1:30:00 PM,2.770133153,25.6,47,545.5
3.314,3.574,9/21/2020 1:40:00 PM,2.693221881,25.65,46.5,546
2.982,3.59,9/21/2020 1:50:00 PM,2.584875797,25.55,46.5,546
2.902,3.02,9/21/2020 2:00:00 PM,2.466015221,25.5,47,548
2.974,2.892,9/21/2020 2:10:00 PM,2.420069979,25.5,47,547
3.116,3.528,9/21/2020 2:20:00 PM,2.472847341,25.5,47,549
3.1,3.54,9/21/2020 2:30:00 PM,2.619210509,25.4,47,553
3.288,3.692,9/21/2020 2:40:00 PM,2.726916702,25.4,47,556
3.07,3.438,9/21/2020 2:50:00 PM,2.770620165,25.3,47,558.5
2.924,3.134,9/21/2020 3:00:00 PM,2.671639958,25.3,47,560
2.29,2.586,9/21/2020 3:10:00 PM,2.371063519,25.25,46.5,555.5
2.51,2.998,9/21/2020 3:20:00 PM,2.217277308,25.25,46.5,553
2.076,2.504,9/21/2020 3:30:00 PM,2.061821248,25.2,46,549
1.64,2.326,9/21/2020 3:40:00 PM,1.895575422,25.2,46,546.5
1.5,2.204,9/21/2020 3:50:00 PM,1.832416234,25.25,46,545
1.796,2.114,9/21/2020 4:00:00 PM,1.827099913,25.1,46,545
1.784,2.022,9/21/2020 4:10:00 PM,1.778837865,25,46.5,544.5
1.414,1.602,9/21/2020 4:20:00 PM,1.713322233,25.1,46,544.5
1.258,1.96,9/21/2020 4:30:00 PM,1.851449019,25.1,46,546
1.842,1.97,9/21/2020 4:40:00 PM,1.952538058,25.25,46,545.5
2.412,2.702,9/21/2020 4:50:00 PM,2.286387495,25.3,46,546
2.766,3.362,9/21/2020 5:00:00 PM,2.498609708,25.4,45.5,546.5
3.202,3.534,9/21/2020 5:10:00 PM,2.737806846,25.4,45.5,547
3.378,4.124,9/21/2020 5:20:00 PM,2.855197642,25.4,45,547.5
3.49,3.958,9/21/2020 5:30:00 PM,2.984003883,25.4,45,548
3.844,3.856,9/21/2020 5:40:00 PM,3.159556728,25.3,45,552
3.732,4.426,9/21/2020 5:50:00 PM,3.118349318,25.2,46,542
3.94,3.956,9/21/2020 6:00:00 PM,3.195627418,25.2,46,542
4.462,4.67,9/21/2020 6:10:00 PM,3.244239159,25.3,45.5,541.5
4.314,4.77,9/21/2020 6:40:00 PM,3.475282978,25.3,45,540
4.194,4.204,9/21/2020 7:00:00 PM,3.259579274,25.3,45,539
4.412,4.8625,9/21/2020 7:30:00 PM,3.214092315,25.3,45,538
4.306,4.682,9/21/2020 8:00:00 PM,3.241072885,25.1,46,532
4.354,4.652,9/21/2020 8:10:00 PM,3.182697623,25.25,45.5,528
4.126,4.508,9/21/2020 8:20:00 PM,3.194051540,25.2,45,524
4.158,4.102,9/21/2020 8:30:00 PM,3.151911803,25.2,46,521
3.114,3.136,9/22/2020 4:20:00 AM,3.063482853,25.8,45,495
2.818,3.304,9/22/2020 4:30:00 AM,3.129348687,25.8,45,495
3.268,3.36,9/22/2020 4:40:00 AM,3.138608695,25.8,45,494.5
3.15,3.37,9/22/2020 4:50:00 AM,3.152144923,25.8,45,494.5
3.164,3.39,9/22/2020 5:00:00 AM,3.178490356,25.8,45,495
3.188,3.618,9/22/2020 5:10:00 AM,3.222592326,25.8,45,494
3.588,3.862,9/22/2020 6:40:00 AM,3.652287782,25.8,46,492
3.538,3.95,9/22/2020 6:50:00 AM,3.626638911,25.75,46,491.5
2.738,3.278,9/22/2020 11:20:00 AM,2.947085276,25.6,46,491
2.928,3.308,9/22/2020 11:30:00 AM,3.020557720,25.7,46,491
2.944,3.538,9/22/2020 11:40:00 AM,2.929502162,25.7,46,491
0.372,0.986,9/22/2020 3:50:00 PM,1.085686170,24.8,47,496
0.54,0.986,9/22/2020 4:10:00 PM,1.196684236,24.8,48,497
0.178,0.852,9/22/2020 6:50:00 PM,0.805135861,25.4,46,491
0.594,1.25,9/22/2020 7:40:00 PM,1.117251030,25.1,46,494
1.188,1.43,9/22/2020 8:20:00 PM,1.283926713,24.9,44,490
0.848,1.66,9/22/2020 8:30:00 PM,1.340085926,24.9,44,489
0.922,1.212,9/22/2020 8:50:00 PM,1.320829810,25,42,488
1.222,1.404,9/22/2020 9:00:00 PM,1.329199799,25.05,41,488.5
1.006,1.272,9/22/2020 9:10:00 PM,1.350327382,25,41,487
0.912,1.242,9/22/2020 9:20:00 PM,1.185144794,25.2,40,485
0.764,0.968,9/22/2020 9:30:00 PM,1.166358757,25.15,40,486
0.708,1.272,9/22/2020 9:40:00 PM,1.121132885,25.2,39,485
0.648,1.156,9/22/2020 9:50:00 PM,1.107774834,25.35,39,484
0.682,0.962,9/22/2020 10:00:00 PM,1.059404654,25.35,38.5,483.5
0.624,1.05,9/22/2020 10:10:00 PM,1.040722935,25.35,38,483
0.452,1.338,9/22/2020 10:20:00 PM,1.035577800,25.35,38,482.5
0.588,0.992,9/22/2020 10:30:00 PM,0.958390161,25.3,38,481
0.386,1.034,9/22/2020 10:40:00 PM,0.944235679,25.3,37,481
0.604,0.806,9/22/2020 11:10:00 PM,1.030814824,25.3,37,483
0.5,1.134,9/22/2020 11:40:00 PM,0.975162276,25.05,38,479.5
0.714,1.228,9/22/2020 11:50:00 PM,0.958325582,24.8,39,480
0.592,1.194,9/23/2020 12:30:00 AM,0.977257328,24.8,39,480
0.916,1.284,9/23/2020 2:00:00 AM,1.103308922,25.3,39,482
1.018,1.254,9/23/2020 2:10:00 AM,1.133347482,25.45,39,482
1.012,1.61,9/23/2020 2:20:00 AM,1.161740626,25.5,39,481.5
1.252,1.532,9/23/2020 2:30:00 AM,1.154636588,25.55,39,481.5
0.904,1.532,9/23/2020 2:40:00 AM,1.186461416,25.55,39,481.5
0.938,1.522,9/23/2020 2:50:00 AM,1.231875127,25.5,40,480.5
1.144,1.564,9/23/2020 3:00:00 AM,1.264199095,25.5,40,479.5
1.708,1.994,9/23/2020 3:40:00 AM,1.492570567,25.5,40,480
2.84,3.392,9/23/2020 6:40:00 AM,2.256903729,25.55,41,482.5
2.928,3.266,9/23/2020 10:20:00 AM,2.163059811,25.6,42,487
2.908,2.824,9/23/2020 10:30:00 AM,2.135494471,25.6,42,488
3,2.978,9/23/2020 10:40:00 AM,2.075191172,25.6,42,487.5
3.232,2.99,9/23/2020 10:50:00 AM,2.117814158,25.6,42,488.5
2.828,2.94,9/23/2020 11:00:00 AM,2.063557710,25.6,42,489
0.494,0.866666667,9/24/2020 5:30:00 PM,2.465355320,24.9,47,494
0.472,0.876,9/24/2020 5:40:00 PM,2.366483576,24.95,47,495.5
0.588,0.958,9/26/2020 4:50:00 PM,1.905326663,24.4,44,490
0.826,0.966,9/26/2020 5:00:00 PM,1.929755475,24.5,44,491
1.938,1.9,9/28/2020 3:20:00 AM,1.726367507,25.2,40,494
4.05,4.382,9/30/2020 6:40:00 AM,2.150915819,25.7,45,505
5.228,5.2,9/30/2020 6:20:00 PM,2.588786992,24.3,51,601.5
